run,suite,variant,cfg_model,cfg_n_factors,cfg_lookback,cfg_objective,cfg_gamma,cfg_turnover_bps,cfg_short_bps,cfg_protocol,cfg_train_window,cfg_test_start,cfg_retrain_every,cfg_epochs,cfg_batch_dates,cfg_learning_rate,cfg_dropout,cfg_features,cfg_attention_heads,cfg_transformer_ff,cfg_seed,cfg_device,cfg_neutralize,cfg_cost_weight,observations,start_date,end_date,sharpe,mean_return,volatility,sortino,calmar,cagr,total_return,max_drawdown,max_drawdown_duration_days,hit_rate,positive_month_fraction,skewness,excess_kurtosis,var_95,cvar_95,hac_t_stat,hac_p_value,turnover,short_fraction,net_exposure,effective_positions,active_days_fraction,break_even_cost_bps,net_sharpe,net_mean_return,net_volatility,runtime_seconds,cfg_kind,cfg_members,cfg_smoothing_days,cfg_dataset,cfg_factor_model,cfg_max_blocks
architecture__d16_h4_ff32_drop50__s0,architecture,d16_h4_ff32_drop50,cnn_transformer,5,30,sharpe,1.0,5.0,1.0,rolling,1000,1000,125,30,125,0.001,0.5,16,4,32,0,mps,False,1.0,1483,2020-02-07,2025-12-31,-0.19395566378226733,-0.006542064156777671,0.0337296886783452,-0.27646982064711706,-0.06086805607632063,-0.0070854228515419004,-0.040982133210425764,-0.11640626148233979,1143,0.48954821308159135,0.4788732394366197,0.488572716615436,6.7604983899234465,0.003515887924935341,0.004785698449446656,-0.49796218953195265,0.6185106925289114,0.8207969025140305,0.13770533153779133,0.7245893369082498,33.8539245636247,1.0,-0.31628496612487256,-3.3557948884243065,-0.11344787384345072,0.033806557794931115,171.60910812499787,,,,,,
architecture__d16_h4_ff32_drop50__s1,architecture,d16_h4_ff32_drop50,cnn_transformer,5,30,sharpe,1.0,5.0,1.0,rolling,1000,1000,125,30,125,0.001,0.5,16,4,32,1,mps,False,1.0,1483,2020-02-07,2025-12-31,0.16178856982841572,0.005684141275947411,0.03513314495563998,0.23259280769097393,0.06446531005415336,0.005079908959297441,0.03026822982681221,-0.07880065968860028,614,0.5077545515846258,0.5352112676056338,0.1346070193960004,2.819360920485879,0.003493253346928315,0.004989419161464042,0.4357118636144991,0.6630457971146424,0.8166877375249877,0.17207695743801069,0.6558460847803038,32.99506972833336,1.0,0.2761902149131308,-2.8797739361990398,-0.10157042772123999,0.03527027814388129,141.539233083,,,,,,
architecture__d16_h4_ff32_drop50__s2,architecture,d16_h4_ff32_drop50,cnn_transformer,5,30,sharpe,1.0,5.0,1.0,rolling,1000,1000,125,30,125,0.001,0.5,16,4,32,2,mps,False,1.0,1483,2020-02-07,2025-12-31,0.5891497876161002,0.020476356838459782,0.03475577394555986,0.868093385841253,0.3017521860956816,0.020070516954185713,0.12405617234991184,-0.0665132445728881,555,0.5198921105866486,0.5774647887323944,0.144092492025753,3.1713814689746602,0.003353503457001587,0.004763475761014779,1.5287741053314758,0.12632045388667804,0.8949211676127697,0.17010864633976616,0.6597827078862498,32.373189174056066,1.0,0.9079613626343603,-2.770438668910658,-0.09657937596672252,0.034860680025339714,169.1430487500038,,,,,,
architecture__d8_h2__s0,architecture,d8_h2,cnn_transformer,5,30,sharpe,1.0,5.0,1.0,rolling,1000,1000,125,30,125,0.001,0.25,8,2,16,0,mps,False,1.0,1483,2020-02-07,2025-12-31,0.36523015844927414,0.010295755482377593,0.028189773610405568,0.5191455494405172,0.17259387897948567,0.009947349427716023,0.05998008763045837,-0.05763442763169113,394,0.5232636547538773,0.5774647887323944,-0.08944548323058682,2.953894720425197,0.0028046141435171673,0.004071221809630213,0.8879543463435075,0.3745653093840513,0.6513601955915533,0.07087407392550606,0.8582518525084073,36.929304779891396,1.0,0.6272439247229807,-2.6083890355531665,-0.07359127727466169,0.028213305711528976,113.46186337499967,,,,,,
architecture__d8_h2__s1,architecture,d8_h2,cnn_transformer,5,30,sharpe,1.0,5.0,1.0,rolling,1000,1000,125,30,125,0.001,0.25,8,2,16,1,mps,False,1.0,1483,2020-02-07,2025-12-31,0.20868407852290885,0.007034127599174797,0.03370706404131644,0.30213948308367955,0.09309981171864075,0.006487142745135399,0.03878631359853335,-0.06967944000510284,1173,0.5003371544167229,0.5492957746478874,0.28160783037501225,6.805963412122617,0.0032494994664095645,0.004872994117485056,0.5455448602661512,0.585378835862526,0.7368210079802195,0.16381049001274411,0.672379019834178,35.86260889265808,1.0,0.3788329113354962,-2.6510528844720023,-0.08995570421467168,0.03393206704459528,113.76141212499351,,,,,,
architecture__d8_h2__s2,architecture,d8_h2,cnn_transformer,5,30,sharpe,1.0,5.0,1.0,rolling,1000,1000,125,30,125,0.001,0.25,8,2,16,2,mps,False,1.0,1483,2020-02-07,2025-12-31,0.5457303006065365,0.017534277648018647,0.0321299323649991,0.7815773947246011,0.2139440873081038,0.017163049280080056,0.10533252040236718,-0.08022212483658553,1017,0.5205664194200944,0.6056338028169014,-0.1944981973129236,6.377828070323114,0.0029243679041655274,0.004541203406382488,1.3806051665334191,0.16740039392201556,0.7251442237240779,0.13611929231423686,0.7277614152755837,35.581736320062014,1.0,0.9595396968050961,-2.3923729716216626,-0.07728745325198771,0.03230577095159149,100.0868336670028,,,,,,
architecture__d8_h4_drop25__s0,architecture,d8_h4_drop25,cnn_transformer,5,30,sharpe,1.0,5.0,1.0,rolling,1000,1000,125,30,125,0.001,0.25,8,4,16,0,mps,False,1.0,1483,2020-02-07,2025-12-31,0.6271750035771678,0.01720754936451231,0.02743659946006615,0.9072634748943079,0.3170085619194019,0.016973056807394693,0.10411806590568795,-0.053541319845203494,381,0.5313553607552259,0.6197183098591549,-0.005842016883006234,3.0012499715052545,0.002745657410513428,0.003917296603658884,1.5537467976680404,0.12024482551884959,0.6347984735502026,0.06308740688336947,0.8738251866547478,36.80483195073666,1.0,1.0756788003563438,-2.347429383481866,-0.0643978895419271,0.02743336604503425,144.72795395799767,,,,,,
architecture__d8_h4_drop25__s1,architecture,d8_h4_drop25,cnn_transformer,5,30,sharpe,1.0,5.0,1.0,rolling,1000,1000,125,30,125,0.001,0.25,8,4,16,1,mps,False,1.0,1483,2020-02-07,2025-12-31,0.3133756557807927,0.010427773780870474,0.03327563449333389,0.45788255495976576,0.14009394961646815,0.009923085975059198,0.05983023419631772,-0.07083165263186164,1148,0.5097774780849629,0.5915492957746479,0.27954285017107716,5.68549298253544,0.002992683435567417,0.004742436233381,0.8196252274811839,0.41242978758642723,0.7427481494146285,0.15027282924642515,0.6994543399479851,35.63198693867805,1.0,0.557120939562168,-2.5990725539961606,-0.08696722520831406,0.03346086859891582,261.07605187500303,,,,,,
architecture__d8_h4_drop25__s2,architecture,d8_h4_drop25,cnn_transformer,5,30,sharpe,1.0,5.0,1.0,rolling,1000,1000,125,30,125,0.001,0.25,8,4,16,2,mps,False,1.0,1483,2020-02-07,2025-12-31,0.5192854273891212,0.01731059863060866,0.03333542155735701,0.7613335814142895,0.23734078235096087,0.016895659087079462,0.10362364808097313,-0.07118734049715691,1047,0.5016857720836143,0.5492957746478874,0.09048273925494145,5.609107119370012,0.003072356512037537,0.004553546471630953,1.3503861162193038,0.1768921619439564,0.7571433410757694,0.14726777610110298,0.7054644477477393,34.480865406276735,1.0,0.9072634992888386,-2.445329979739463,-0.08182124411067637,0.0334602056935457,144.35401570899558,,,,,,
architecture__d8_h4_drop50__s0,architecture,d8_h4_drop50,cnn_transformer,5,30,sharpe,1.0,5.0,1.0,rolling,1000,1000,125,30,125,0.001,0.5,8,4,16,0,mps,False,1.0,1483,2020-02-07,2025-12-31,0.4962217097943185,0.012492421515078097,0.0251750805507001,0.7059390500720861,0.2151895327151303,0.012249603485040117,0.07427927278719637,-0.056924718086805104,384,0.5178691840863116,0.6056338028169014,-0.19264000940986423,2.7244775029686767,0.002414796037383013,0.003678064838648356,1.2386119435344523,0.21548924285013438,0.5206517854283688,0.034710718842485645,0.9305785606459278,38.66715536458445,1.0,0.9521354317362688,-2.1450859025787685,-0.0540251403815761,0.02518553700652661,144.95093066700065,,,,,,
architecture__d8_h4_drop50__s1,architecture,d8_h4_drop50,cnn_transformer,5,30,sharpe,1.0,5.0,1.0,rolling,1000,1000,125,30,125,0.001,0.5,8,4,16,1,mps,False,1.0,1483,2020-02-07,2025-12-31,0.06540943267277255,0.0020632039936518643,0.0315429122275616,0.09312837026087577,0.02242723290119831,0.001567110420570783,0.009257691567662762,-0.06987533537795698,1148,0.50708024275118,0.5492957746478874,0.25575103569664864,7.895322725962174,0.0029979938025340666,0.004653667931694465,0.1738239945697698,0.8620037865132397,0.6441158009982608,0.14712133106367195,0.7057573378491527,37.747384811736474,1.0,0.12710940210498814,-2.606965325508691,-0.08283308143301817,0.03177375649093268,144.95143854100024,,,,,,
architecture__d8_h4_drop50__s2,architecture,d8_h4_drop50,cnn_transformer,5,30,sharpe,1.0,5.0,1.0,rolling,1000,1000,125,30,125,0.001,0.5,8,4,16,2,mps,False,1.0,1483,2020-02-07,2025-12-31,0.2635057932244994,0.008009017585515733,0.030394085410836793,0.37570593274546676,0.09211688738529894,0.007575554696905851,0.045414566635876064,-0.08223850058262872,1221,0.5104517869184086,0.5070422535211268,-0.015053998096821562,4.483950415473214,0.002926308012341195,0.004384560068207707,0.6974634389454757,0.48551281227120446,0.6253930106284873,0.10619964090146239,0.787600718073627,36.5962505714288,1.0,0.508189494852198,-2.404529471844289,-0.07349856040672881,0.03056671222680209,143.9703112079951,,,,,,
ensemble__final-cnn_neutral_cw0.25_b10__ens,ensemble,final-cnn_neutral_cw0.25_b10,cnn_transformer,5,30,sharpe_costs,1.0,5.0,1.0,rolling,1000,1000,125,30,125,0.001,0.25,8,4,16,-1,mps,True,0.25,1483,2020-02-07,2025-12-31,0.2591765705853235,0.011840938960432599,0.0456867645624412,0.37100039253330985,0.17048591436119512,0.010855315822437595,0.06560043369977087,-0.06367280172741596,689,0.4983142279163857,0.49295774647887325,-0.13620079141084857,3.0959671544921923,0.004143921305224552,0.006397159039798592,0.6615324868774276,0.5082708877677387,0.22790050671936837,0.5,-4.5437063398499054e-20,32.80675514939579,1.0,2.061770449481689,-0.6462690884793032,-0.0295401247082937,0.045708707463949394,0.0,ensemble,"['final__cnn_neutral_cw0.25__s0', 'final__cnn_neutral_cw0.25__s1', 'final__cnn_neutral_cw0.25__s2']",10.0,,,
ensemble__final-cnn_neutral_cw0.25_b1__ens,ensemble,final-cnn_neutral_cw0.25_b1,cnn_transformer,5,30,sharpe_costs,1.0,5.0,1.0,rolling,1000,1000,125,30,125,0.001,0.25,8,4,16,-1,mps,True,0.25,1483,2020-02-07,2025-12-31,0.4838566861834281,0.022453071160143136,0.04640438336658898,0.69164635172427,0.3081834872388877,0.02160539230545111,0.13404622548010936,-0.07010561305221308,717,0.5144976399190829,0.5070422535211268,-0.11708642797964404,3.5378878961457083,0.0045451678815062735,0.006628317793699792,1.2737570860477647,0.20274951817270437,0.8595325208449793,0.5,-1.1408157299580912e-18,31.382885079724048,1.0,1.0366040442906783,-2.118639123203062,-0.09845996099253705,0.04647321004989302,0.0,ensemble,"['final__cnn_neutral_cw0.25__s0', 'final__cnn_neutral_cw0.25__s1', 'final__cnn_neutral_cw0.25__s2']",1.0,,,
ensemble__final-cnn_neutral_cw0.25_b20__ens,ensemble,final-cnn_neutral_cw0.25_b20,cnn_transformer,5,30,sharpe_costs,1.0,5.0,1.0,rolling,1000,1000,125,30,125,0.001,0.25,8,4,16,-1,mps,True,0.25,1483,2020-02-07,2025-12-31,0.04004339149092398,0.0018540971129544592,0.04630219978681623,0.05707082294752855,0.009121669657388073,0.0007824930809754438,0.004613719543606454,-0.08578397490438228,546,0.49696561024949426,0.4788732394366197,0.027470372541352265,3.4466769111207807,0.004455940845147191,0.00652799080731393,0.10238005403057178,0.9184550150505871,0.1518848067823365,0.5,-1.888432254556233e-18,33.05992702561659,1.0,0.48441502358782373,-0.6467821515670499,-0.029955446879007284,0.04631458491306542,0.0,ensemble,"['final__cnn_neutral_cw0.25__s0', 'final__cnn_neutral_cw0.25__s1', 'final__cnn_neutral_cw0.25__s2']",20.0,,,
ensemble__final-cnn_neutral_cw0.25_b2__ens,ensemble,final-cnn_neutral_cw0.25_b2,cnn_transformer,5,30,sharpe_costs,1.0,5.0,1.0,rolling,1000,1000,125,30,125,0.001,0.25,8,4,16,-1,mps,True,0.25,1483,2020-02-07,2025-12-31,0.5797088825262823,0.026276509395618007,0.04532707741359597,0.837568436861264,0.46370416974294415,0.025569251883519772,0.16018729458328163,-0.055141302476736764,666,0.5212407282535402,0.5352112676056338,-0.11904064564200005,2.535361631609412,0.004360506191685325,0.006409138784233613,1.4315589836816935,0.15227007513114432,0.5916336115328892,0.5,-3.8600713599256866e-19,31.899946943327567,1.0,1.7624398047781862,-1.342824018173719,-0.060904021655467266,0.04535517747016364,0.0,ensemble,"['final__cnn_neutral_cw0.25__s0', 'final__cnn_neutral_cw0.25__s1', 'final__cnn_neutral_cw0.25__s2']",2.0,,,
ensemble__final-cnn_neutral_cw0.25_b3__ens,ensemble,final-cnn_neutral_cw0.25_b3,cnn_transformer,5,30,sharpe_costs,1.0,5.0,1.0,rolling,1000,1000,125,30,125,0.001,0.25,8,4,16,-1,mps,True,0.25,1483,2020-02-07,2025-12-31,0.7212574823208364,0.03297357934227798,0.04571679344826591,1.0470574532772343,0.5444834699961717,0.03244146726975927,0.20669360217011268,-0.05958209763463962,666,0.5300067430883345,0.5211267605633803,-0.151746865511644,2.7938000167844894,0.0043348940198324444,0.006348531250618049,1.7050100706219986,0.08819254622906068,0.4692224758498439,0.5,1.1494719725960633e-18,32.14592881516152,1.0,2.7886033557012357,-0.8485223337784598,-0.0387935490194166,0.045718948665345545,0.0,ensemble,"['final__cnn_neutral_cw0.25__s0', 'final__cnn_neutral_cw0.25__s1', 'final__cnn_neutral_cw0.25__s2']",3.0,,,
ensemble__final-cnn_neutral_cw0.25_b5__ens,ensemble,final-cnn_neutral_cw0.25_b5,cnn_transformer,5,30,sharpe_costs,1.0,5.0,1.0,rolling,1000,1000,125,30,125,0.001,0.25,8,4,16,-1,mps,True,0.25,1483,2020-02-07,2025-12-31,0.5581276781146453,0.025530456651776688,0.0457430399044508,0.8041764480277084,0.3861112623192903,0.02478498328465739,0.15497585836591088,-0.06419129847645244,432,0.5124747134187457,0.5211267605633803,-0.15828851662178403,3.145399977555366,0.004356555946986076,0.006466101121490412,1.3689956910431416,0.17100062183851272,0.34706229453283166,0.5,-1.052089171523653e-18,32.33114166482835,1.0,2.919110992916138,-0.6744389524035473,-0.030854867948833364,0.04574894115897907,0.0,ensemble,"['final__cnn_neutral_cw0.25__s0', 'final__cnn_neutral_cw0.25__s1', 'final__cnn_neutral_cw0.25__s2']",5.0,,,
ensemble__final-cnn_neutral_cw0.5_b10__ens,ensemble,final-cnn_neutral_cw0.5_b10,cnn_transformer,5,30,sharpe_costs,1.0,5.0,1.0,rolling,1000,1000,125,30,125,0.001,0.25,8,4,16,-1,mps,True,0.5,1483,2020-02-07,2025-12-31,0.2834295254613629,0.012895878458720339,0.04549941802191777,0.406777370318425,0.16459006512459534,0.011931181501666277,0.07229208200232162,-0.07249028969418247,327,0.5037086985839514,0.5211267605633803,0.01885173561276514,3.389527766631904,0.004581141863055554,0.006397349865484423,0.6924147264100138,0.48867692032774523,0.18301034644669353,0.5,7.440364824448105e-19,34.948207921860615,1.0,2.7962419536123675,-0.5016103903286969,-0.022832839014431363,0.04551907108516909,0.0,ensemble,"['final__cnn_neutral_cw0.5__s0', 'final__cnn_neutral_cw0.5__s1', 'final__cnn_neutral_cw0.5__s2']",10.0,,,
ensemble__final-cnn_neutral_cw0.5_b1__ens,ensemble,final-cnn_neutral_cw0.5_b1,cnn_transformer,5,30,sharpe_costs,1.0,5.0,1.0,rolling,1000,1000,125,30,125,0.001,0.25,8,4,16,-1,mps,True,0.5,1483,2020-02-07,2025-12-31,0.3727021600563667,0.017121697292456436,0.045939356213731054,0.5263386435406437,0.30839345870418206,0.01619528124920766,0.09915797355530942,-0.05251499599653486,530,0.5198921105866486,0.5211267605633803,-0.23614341316577636,3.7932654545167477,0.004481420773372003,0.006660105035159624,0.9745973980954982,0.3297600047780226,0.6322167032134163,0.5,6.742679264279479e-19,33.96101363838479,1.0,1.0746828243969695,-1.6359118424749646,-0.07516885525268696,0.04594920905943459,0.0,ensemble,"['final__cnn_neutral_cw0.5__s0', 'final__cnn_neutral_cw0.5__s1', 'final__cnn_neutral_cw0.5__s2']",1.0,,,
ensemble__final-cnn_neutral_cw0.5_b20__ens,ensemble,final-cnn_neutral_cw0.5_b20,cnn_transformer,5,30,sharpe_costs,1.0,5.0,1.0,rolling,1000,1000,125,30,125,0.001,0.25,8,4,16,-1,mps,True,0.5,1483,2020-02-07,2025-12-31,0.26690256272105123,0.012192100591935803,0.045679968253726264,0.38272630539470803,0.12000217190717635,0.011211088049349005,0.06780941166183307,-0.09342404284166594,385,0.5104517869184086,0.5211267605633803,0.08091870096697887,3.758655883365126,0.0045953993074888035,0.006469401821748549,0.6378648685452442,0.5235616485009289,0.1255523655164501,0.5,3.8441016760381405e-19,34.51161160028927,1.0,3.8534798891512554,-0.35682852885435595,-0.01630179308144097,0.045685229075657106,0.0,ensemble,"['final__cnn_neutral_cw0.5__s0', 'final__cnn_neutral_cw0.5__s1', 'final__cnn_neutral_cw0.5__s2']",20.0,,,
ensemble__final-cnn_neutral_cw0.5_b2__ens,ensemble,final-cnn_neutral_cw0.5_b2,cnn_transformer,5,30,sharpe_costs,1.0,5.0,1.0,rolling,1000,1000,125,30,125,0.001,0.25,8,4,16,-1,mps,True,0.5,1483,2020-02-07,2025-12-31,0.4915712330034423,0.02252192303021548,0.04581619411007675,0.6998107882171829,0.4184612357270058,0.02170316474724876,0.13468508617836283,-0.051864217983161987,330,0.5151719487525287,0.5352112676056338,-0.25376387350206336,3.0469459799878376,0.0045293461861435295,0.0065910319624528065,1.231160938224824,0.2182626776858395,0.4550765194287223,0.5,-4.794914722089546e-19,34.37137668209739,1.0,1.963905115332176,-1.0352408890060385,-0.047464016704082686,0.04584828247042494,0.0,ensemble,"['final__cnn_neutral_cw0.5__s0', 'final__cnn_neutral_cw0.5__s1', 'final__cnn_neutral_cw0.5__s2']",2.0,,,
ensemble__final-cnn_neutral_cw0.5_b3__ens,ensemble,final-cnn_neutral_cw0.5_b3,cnn_transformer,5,30,sharpe_costs,1.0,5.0,1.0,rolling,1000,1000,125,30,125,0.001,0.25,8,4,16,-1,mps,True,0.5,1483,2020-02-07,2025-12-31,0.5403614782656695,0.025007110856794763,0.04627848553723139,0.7690501454911451,0.3827951086175201,0.024223357491551356,0.15125582788927328,-0.06328021687381269,332,0.523937963587323,0.49295774647887325,-0.2790996817548225,3.153931974311927,0.0044380943336395995,0.006698068560746559,1.3286661539571099,0.18395813605313072,0.3640913923958831,0.5,1.0602225155350495e-18,34.63744435737212,1.0,2.725540041994269,-0.724286247367782,-0.03352243323279934,0.04628340432339748,0.0,ensemble,"['final__cnn_neutral_cw0.5__s0', 'final__cnn_neutral_cw0.5__s1', 'final__cnn_neutral_cw0.5__s2']",3.0,,,
ensemble__final-cnn_neutral_cw0.5_b5__ens,ensemble,final-cnn_neutral_cw0.5_b5,cnn_transformer,5,30,sharpe_costs,1.0,5.0,1.0,rolling,1000,1000,125,30,125,0.001,0.25,8,4,16,-1,mps,True,0.5,1483,2020-02-07,2025-12-31,0.5099413411690067,0.023602330488544838,0.04628440289708236,0.7262452400457579,0.32286523078912405,0.022785369421860935,0.14177636026839302,-0.07057238515950004,326,0.5151719487525287,0.5211267605633803,-0.2946427053789756,3.6522859502269407,0.004492297817400309,0.006621742683800431,1.2569581886681014,0.20876877615160772,0.27255122182086616,0.5,7.729601159235413e-19,34.848574526348514,1.0,3.43641980378894,-0.5056699672388092,-0.023400929628146987,0.046277080199021575,0.0,ensemble,"['final__cnn_neutral_cw0.5__s0', 'final__cnn_neutral_cw0.5__s1', 'final__cnn_neutral_cw0.5__s2']",5.0,,,
ensemble__final-cnn_neutral_cw0.5_k10_b10__ens,ensemble,final-cnn_neutral_cw0.5_k10_b10,cnn_transformer,10,30,sharpe_costs,1.0,5.0,1.0,rolling,1000,1000,125,30,125,0.001,0.25,8,4,16,-1,mps,True,0.5,1483,2020-02-07,2025-12-31,-0.39442820117175903,-0.0155984082610629,0.03954688892610487,-0.5418194660262605,-0.11448456409028354,-0.016247702489485705,-0.09190086890212623,-0.14192046428785476,1198,0.4935940660822657,0.49295774647887325,-0.12484687223785756,3.4829674268725457,0.003956717537398438,0.005701080748629897,-0.8915456972768099,0.3726364874474818,0.16809502574266813,0.5,1.0165583383592594e-18,36.01890422329677,1.0,-3.6823484339844117,-1.2499915833485684,-0.04944906257460296,0.03955951642661082,0.0,ensemble,"['final__cnn_neutral_cw0.5_k10__s0', 'final__cnn_neutral_cw0.5_k10__s1', 'final__cnn_neutral_cw0.5_k10__s2']",10.0,,,
ensemble__final-cnn_neutral_cw0.5_k10_b1__ens,ensemble,final-cnn_neutral_cw0.5_k10_b1,cnn_transformer,10,30,sharpe_costs,1.0,5.0,1.0,rolling,1000,1000,125,30,125,0.001,0.25,8,4,16,-1,mps,True,0.5,1483,2020-02-07,2025-12-31,0.10513594867609447,0.0041238262863360605,0.039223751136167995,0.14763813636656148,0.03637726382376009,0.003359997983432672,0.01993630220723075,-0.09236533016092496,1116,0.5151719487525287,0.5352112676056338,-0.14855143957559075,2.345559714679351,0.004031854224406296,0.00554986318672889,0.24229217168747882,0.8085537791824194,0.5459499886242686,0.5,-3.181691068548156e-19,35.9858913738742,1.0,0.29974155813025083,-1.9720418546957397,-0.07730444969194239,0.03920020739309788,0.0,ensemble,"['final__cnn_neutral_cw0.5_k10__s0', 'final__cnn_neutral_cw0.5_k10__s1', 'final__cnn_neutral_cw0.5_k10__s2']",1.0,,,
ensemble__final-cnn_neutral_cw0.5_k10_b20__ens,ensemble,final-cnn_neutral_cw0.5_k10_b20,cnn_transformer,10,30,sharpe_costs,1.0,5.0,1.0,rolling,1000,1000,125,30,125,0.001,0.25,8,4,16,-1,mps,True,0.5,1483,2020-02-07,2025-12-31,-0.5230595146377361,-0.021072893204993712,0.04028775429042431,-0.7085345198014363,-0.13255124986202713,-0.021648143138786047,-0.12084740454484533,-0.1633190419654258,1198,0.4915711395819285,0.4225352112676056,-0.3080241967106924,3.6928757426267396,0.00396450744299398,0.005919569452284579,-1.2114645567932638,0.22571741055509364,0.11941723714996576,0.5,-9.639954603620114e-20,34.71796151938984,1.0,-7.0025562539429735,-1.2111248189664272,-0.04879428196257119,0.04028840066559959,0.0,ensemble,"['final__cnn_neutral_cw0.5_k10__s0', 'final__cnn_neutral_cw0.5_k10__s1', 'final__cnn_neutral_cw0.5_k10__s2']",20.0,,,
ensemble__final-cnn_neutral_cw0.5_k10_b2__ens,ensemble,final-cnn_neutral_cw0.5_k10_b2,cnn_transformer,10,30,sharpe_costs,1.0,5.0,1.0,rolling,1000,1000,125,30,125,0.001,0.25,8,4,16,-1,mps,True,0.5,1483,2020-02-07,2025-12-31,-0.10791983045230509,-0.00428653599267359,0.03971963238552357,-0.1516158599537571,-0.04853370228024553,-0.0050625547330678256,-0.029426749335857205,-0.1043100875312456,1198,0.50708024275118,0.43661971830985913,0.02026028918385386,3.3454737075888925,0.004005801434082969,0.0056175810333333465,-0.2517432817965276,0.8012395000695968,0.39999478812867206,0.5,6.406881819674118e-19,36.40546055768332,1.0,-0.425257127538336,-1.6940927339202945,-0.06733685748751052,0.039748035121835695,0.0,ensemble,"['final__cnn_neutral_cw0.5_k10__s0', 'final__cnn_neutral_cw0.5_k10__s1', 'final__cnn_neutral_cw0.5_k10__s2']",2.0,,,
ensemble__final-cnn_neutral_cw0.5_k10_b3__ens,ensemble,final-cnn_neutral_cw0.5_k10_b3,cnn_transformer,10,30,sharpe_costs,1.0,5.0,1.0,rolling,1000,1000,125,30,125,0.001,0.25,8,4,16,-1,mps,True,0.5,1483,2020-02-07,2025-12-31,-0.13372712634309739,-0.005325286930586117,0.03982203967296268,-0.18626684935652302,-0.056301237982921616,-0.006099725273375878,-0.035365808287981526,-0.10834087298801787,1198,0.5003371544167229,0.4507042253521127,-0.08703941074656761,3.0831492384132524,0.003912028414601234,0.005727456281381851,-0.3117343103307652,0.7552424504968769,0.3211675841825764,0.5,-3.6761915304994896e-19,36.46537546184141,1.0,-0.6579770822193639,-1.4674181778062376,-0.05845007811708703,0.039831916355615,0.0,ensemble,"['final__cnn_neutral_cw0.5_k10__s0', 'final__cnn_neutral_cw0.5_k10__s1', 'final__cnn_neutral_cw0.5_k10__s2']",3.0,,,
ensemble__final-cnn_neutral_cw0.5_k10_b5__ens,ensemble,final-cnn_neutral_cw0.5_k10_b5,cnn_transformer,10,30,sharpe_costs,1.0,5.0,1.0,rolling,1000,1000,125,30,125,0.001,0.25,8,4,16,-1,mps,True,0.5,1483,2020-02-07,2025-12-31,-0.10034595421566636,-0.003983521104479668,0.03969787457417737,-0.1398505799324608,-0.05217083906157373,-0.004760375488427893,-0.02769070841818555,-0.09124590621993911,1198,0.49763991908294,0.4788732394366197,-0.14497270755629266,2.594210769705632,0.003846372968345795,0.005691288371294904,-0.2305983496707791,0.8176268498334767,0.24297908125623074,0.5,-1.0679263458739343e-18,36.40985634572461,1.0,-0.6505754877641146,-1.1901101136482848,-0.04726320404523386,0.0397133034189151,0.0,ensemble,"['final__cnn_neutral_cw0.5_k10__s0', 'final__cnn_neutral_cw0.5_k10__s1', 'final__cnn_neutral_cw0.5_k10__s2']",5.0,,,
ensemble__final-cnn_neutral_cw0.5_k6_b10__ens,ensemble,final-cnn_neutral_cw0.5_k6_b10,cnn_transformer,6,30,sharpe_costs,1.0,5.0,1.0,rolling,1000,1000,125,30,125,0.001,0.25,8,4,16,-1,mps,True,0.5,1483,2020-02-07,2025-12-31,0.4462430040529008,0.019847753488829036,0.044477455800015504,0.6503530857571034,0.22706794130088706,0.019037153313109068,0.11737154630490854,-0.08383901841908625,372,0.5198921105866486,0.5211267605633803,0.12769619212312153,4.026283102144447,0.00417239898251731,0.006001422667178122,1.0808124643483696,0.2797805428424035,0.14519535816139503,0.5,-2.4132682619523207e-18,36.024144976073764,1.0,5.42447964868298,-0.24999836549706275,-0.011119488331935368,0.04447824412702415,0.0,ensemble,"['final__cnn_neutral_cw0.5_k6__s0', 'final__cnn_neutral_cw0.5_k6__s1', 'final__cnn_neutral_cw0.5_k6__s2']",10.0,,,
ensemble__final-cnn_neutral_cw0.5_k6_b1__ens,ensemble,final-cnn_neutral_cw0.5_k6_b1,cnn_transformer,6,30,sharpe_costs,1.0,5.0,1.0,rolling,1000,1000,125,30,125,0.001,0.25,8,4,16,-1,mps,True,0.5,1483,2020-02-07,2025-12-31,0.5538211612491027,0.024254664603569558,0.04379512070081423,0.8195983167411882,0.38689813896323005,0.02356843114496754,0.14693037098837936,-0.060916372480167014,375,0.4996628455832771,0.5915492957746479,0.1875649678826857,3.1333298654097055,0.00426946419510931,0.005896438163917463,1.416769237966678,0.1565504063529893,0.5219488021262296,0.5,-1.0315844629555953e-18,35.80838024864221,1.0,1.8440250972835242,-1.2364135914018888,-0.05415150108667664,0.04379723861275077,0.0,ensemble,"['final__cnn_neutral_cw0.5_k6__s0', 'final__cnn_neutral_cw0.5_k6__s1', 'final__cnn_neutral_cw0.5_k6__s2']",1.0,,,
ensemble__final-cnn_neutral_cw0.5_k6_b20__ens,ensemble,final-cnn_neutral_cw0.5_k6_b20,cnn_transformer,6,30,sharpe_costs,1.0,5.0,1.0,rolling,1000,1000,125,30,125,0.001,0.25,8,4,16,-1,mps,True,0.5,1483,2020-02-07,2025-12-31,0.4613724763650254,0.020472686713059653,0.04437344610228162,0.6728217494980202,0.20219617072597215,0.0196785851692729,0.12151694629328746,-0.09732422280114517,394,0.5077545515846258,0.5352112676056338,-0.013994543525706104,2.9885785117770354,0.0042603037900470824,0.006014724850945886,1.1460077133165525,0.2517919605487191,0.10093223372067611,0.5,8.873112772882676e-19,35.03831117311822,1.0,8.049046106989799,-0.11089220401765487,-0.004921162152165762,0.04437789108585376,0.0,ensemble,"['final__cnn_neutral_cw0.5_k6__s0', 'final__cnn_neutral_cw0.5_k6__s1', 'final__cnn_neutral_cw0.5_k6__s2']",20.0,,,
ensemble__final-cnn_neutral_cw0.5_k6_b2__ens,ensemble,final-cnn_neutral_cw0.5_k6_b2,cnn_transformer,6,30,sharpe_costs,1.0,5.0,1.0,rolling,1000,1000,125,30,125,0.001,0.25,8,4,16,-1,mps,True,0.5,1483,2020-02-07,2025-12-31,0.536961806194227,0.023495470147196246,0.04375631539554527,0.7916497914843496,0.49578727076804185,0.022793567282396676,0.14183021776690152,-0.04597449072681181,341,0.5198921105866486,0.5211267605633803,0.2580257833160855,3.6484748250639205,0.004299481736529715,0.005903172550197215,1.3763610587297601,0.16870987783355673,0.3617915888962538,0.5,6.204839045053933e-19,36.30180487451523,1.0,2.577063577736745,-0.7939216489922547,-0.03474449409944925,0.04376312718459226,0.0,ensemble,"['final__cnn_neutral_cw0.5_k6__s0', 'final__cnn_neutral_cw0.5_k6__s1', 'final__cnn_neutral_cw0.5_k6__s2']",2.0,,,
ensemble__final-cnn_neutral_cw0.5_k6_b3__ens,ensemble,final-cnn_neutral_cw0.5_k6_b3,cnn_transformer,6,30,sharpe_costs,1.0,5.0,1.0,rolling,1000,1000,125,30,125,0.001,0.25,8,4,16,-1,mps,True,0.5,1483,2020-02-07,2025-12-31,0.6276864751922528,0.027693934462838684,0.04412064869544364,0.9179966180403565,0.511499261927086,0.02707965200458462,0.1702788500685919,-0.05294172254044194,329,0.528658125421443,0.5492957746478874,0.11074309665073266,3.541014178475791,0.004396492131298262,0.006014759649405875,1.580487915631642,0.11399517217452589,0.2866050838797976,0.5,4.828464766136557e-19,36.44138288962384,1.0,3.834424841354721,-0.4776222322515789,-0.02107891821621888,0.04413303400231156,0.0,ensemble,"['final__cnn_neutral_cw0.5_k6__s0', 'final__cnn_neutral_cw0.5_k6__s1', 'final__cnn_neutral_cw0.5_k6__s2']",3.0,,,
ensemble__final-cnn_neutral_cw0.5_k6_b5__ens,ensemble,final-cnn_neutral_cw0.5_k6_b5,cnn_transformer,6,30,sharpe_costs,1.0,5.0,1.0,rolling,1000,1000,125,30,125,0.001,0.25,8,4,16,-1,mps,True,0.5,1483,2020-02-07,2025-12-31,0.5335359914859836,0.023733621389855585,0.04448363703403332,0.7684574260426744,0.29544091372794873,0.023003849421738387,0.14321242967343406,-0.07786277510270989,322,0.5246122724207687,0.5633802816901409,-0.008564336019548908,4.1138380501917675,0.004381157244730863,0.006257729128033172,1.3050047000534926,0.1918912473665737,0.21336054636685522,0.5,-1.3532605032535272e-18,36.42141396327912,1.0,4.414173044879415,-0.35550621139899713,-0.015816642631840717,0.04449048181070779,0.0,ensemble,"['final__cnn_neutral_cw0.5_k6__s0', 'final__cnn_neutral_cw0.5_k6__s1', 'final__cnn_neutral_cw0.5_k6__s2']",5.0,,,
ensemble__final-cnn_neutral_cw0.5_k7_b10__ens,ensemble,final-cnn_neutral_cw0.5_k7_b10,cnn_transformer,7,30,sharpe_costs,1.0,5.0,1.0,rolling,1000,1000,125,30,125,0.001,0.25,8,4,16,-1,mps,True,0.5,1483,2020-02-07,2025-12-31,0.4810731861120673,0.01947574360994112,0.04048395165679467,0.6966099322894372,0.2553057585900971,0.0188306917744685,0.11603995040131676,-0.07375741102926658,752,0.5050573162508429,0.5211267605633803,-0.02759064962259142,2.6649210115655304,0.0038446896345115064,0.005646938004662461,1.1254100292452747,0.26041532310424464,0.15844245733442133,0.5,5.763091086816966e-19,35.957911197014305,1.0,4.87777696490294,-0.32501834621323394,-0.013159507194489871,0.04048850579608927,0.0,ensemble,"['final__cnn_neutral_cw0.5_k7__s0', 'final__cnn_neutral_cw0.5_k7__s1', 'final__cnn_neutral_cw0.5_k7__s2']",10.0,,,
ensemble__final-cnn_neutral_cw0.5_k7_b1__ens,ensemble,final-cnn_neutral_cw0.5_k7_b1,cnn_transformer,7,30,sharpe_costs,1.0,5.0,1.0,rolling,1000,1000,125,30,125,0.001,0.25,8,4,16,-1,mps,True,0.5,1483,2020-02-07,2025-12-31,0.55614018507784,0.02206133228798995,0.0396686534797016,0.8071069190900748,0.3044096159293427,0.021501626708106736,0.1333685311671695,-0.07063386168818508,1115,0.5158462575859744,0.5774647887323944,0.028944187774660964,2.5200092558208578,0.003895807197874107,0.0053974702794823025,1.3691225279340047,0.17096097745991645,0.49252468713527087,0.5,5.509929331226275e-19,36.26543518198575,1.0,1.7774737324535668,-1.327361448568139,-0.05263989487191794,0.039657543865464856,0.0,ensemble,"['final__cnn_neutral_cw0.5_k7__s0', 'final__cnn_neutral_cw0.5_k7__s1', 'final__cnn_neutral_cw0.5_k7__s2']",1.0,,,
ensemble__final-cnn_neutral_cw0.5_k7_b20__ens,ensemble,final-cnn_neutral_cw0.5_k7_b20,cnn_transformer,7,30,sharpe_costs,1.0,5.0,1.0,rolling,1000,1000,125,30,125,0.001,0.25,8,4,16,-1,mps,True,0.5,1483,2020-02-07,2025-12-31,0.2752257629057435,0.011311305763580328,0.041098281077175565,0.3947127137081769,0.12862494821671047,0.010521407590367904,0.06353066056468726,-0.08179912012591195,719,0.5131490222521915,0.5633802816901409,-0.091472326914273,3.1479672197999413,0.004035021123240593,0.005714527046401846,0.6595130168196359,0.5095663901087827,0.11077225064699463,0.5,-1.0314862231262442e-18,34.94713048519771,1.0,4.052109957168179,-0.3726464303791651,-0.015321549197859056,0.041115513121297007,0.0,ensemble,"['final__cnn_neutral_cw0.5_k7__s0', 'final__cnn_neutral_cw0.5_k7__s1', 'final__cnn_neutral_cw0.5_k7__s2']",20.0,,,
ensemble__final-cnn_neutral_cw0.5_k7_b2__ens,ensemble,final-cnn_neutral_cw0.5_k7_b2,cnn_transformer,7,30,sharpe_costs,1.0,5.0,1.0,rolling,1000,1000,125,30,125,0.001,0.25,8,4,16,-1,mps,True,0.5,1483,2020-02-07,2025-12-31,0.5080042119095606,0.020419838517662495,0.04019619924194215,0.7335310509009366,0.2893851021814698,0.01980482088700075,0.12233427495103277,-0.06843759660641202,741,0.5205664194200944,0.5774647887323944,-0.0017883616354443135,3.0350328847309553,0.003953823382110777,0.0055148713138182,1.209110828321787,0.2266202696848113,0.37053747860626335,0.5,-8.495186434016036e-19,36.48382753039961,1.0,2.1868531500135737,-0.9685966231559746,-0.03892136475617754,0.040183254644601395,0.0,ensemble,"['final__cnn_neutral_cw0.5_k7__s0', 'final__cnn_neutral_cw0.5_k7__s1', 'final__cnn_neutral_cw0.5_k7__s2']",2.0,,,
ensemble__final-cnn_neutral_cw0.5_k7_b3__ens,ensemble,final-cnn_neutral_cw0.5_k7_b3,cnn_transformer,7,30,sharpe_costs,1.0,5.0,1.0,rolling,1000,1000,125,30,125,0.001,0.25,8,4,16,-1,mps,True,0.5,1483,2020-02-07,2025-12-31,0.614302372126223,0.02494635682894079,0.04060924710838488,0.8980522246558122,0.31321967830779496,0.02441412468513371,0.15251829199634237,-0.07794569235570958,500,0.5232636547538773,0.5633802816901409,0.10790919143994376,3.684096707273513,0.003740298636167663,0.005492229557661365,1.4372543282400614,0.15064574103260928,0.30076443666673464,0.5,-9.085859119607747e-19,36.514693780942864,1.0,3.2913957706247894,-0.6307771191628085,-0.025609371281411664,0.0405997150235909,0.0,ensemble,"['final__cnn_neutral_cw0.5_k7__s0', 'final__cnn_neutral_cw0.5_k7__s1', 'final__cnn_neutral_cw0.5_k7__s2']",3.0,,,
ensemble__final-cnn_neutral_cw0.5_k7_b5__ens,ensemble,final-cnn_neutral_cw0.5_k7_b5,cnn_transformer,7,30,sharpe_costs,1.0,5.0,1.0,rolling,1000,1000,125,30,125,0.001,0.25,8,4,16,-1,mps,True,0.5,1483,2020-02-07,2025-12-31,0.6551023547670028,0.02621917779961665,0.04002302481257589,0.9558418187794783,0.3791691580636452,0.025742873149375844,0.16134363637245008,-0.06789284571783338,386,0.5097774780849629,0.5492957746478874,0.04361753341856859,2.3472576214507033,0.003877153558125861,0.005512279844979686,1.5505456306471508,0.1210106101963099,0.22899670798908645,0.5,2.555697737333919e-19,36.45001894419451,1.0,4.543486989893482,-0.3823612500790563,-0.01529991409264099,0.04001429038501577,0.0,ensemble,"['final__cnn_neutral_cw0.5_k7__s0', 'final__cnn_neutral_cw0.5_k7__s1', 'final__cnn_neutral_cw0.5_k7__s2']",5.0,,,
ensemble__final-cnn_neutral_cw0.5_k8_b10__ens,ensemble,final-cnn_neutral_cw0.5_k8_b10,cnn_transformer,8,30,sharpe_costs,1.0,5.0,1.0,rolling,1000,1000,125,30,125,0.001,0.25,8,4,16,-1,mps,True,0.5,1483,2020-02-07,2025-12-31,0.9644287395751338,0.0374951594059477,0.03887810251534571,1.454553822731019,0.7965439623528308,0.037420103573927666,0.2413433042176163,-0.046978076970662364,434,0.5279838165879973,0.5774647887323944,0.10834769026510918,3.012344902142619,0.003584088108325576,0.005136244066479532,2.334290384734236,0.01958052187356276,0.16794831215491438,0.5,-8.537932183019753e-19,35.24000834693761,1.0,8.859292075869384,0.09427634926758653,0.0036629785392508205,0.03885363155985297,0.0,ensemble,"['final__cnn_neutral_cw0.5_k8__s0', 'final__cnn_neutral_cw0.5_k8__s1', 'final__cnn_neutral_cw0.5_k8__s2']",10.0,,,
ensemble__final-cnn_neutral_cw0.5_k8_b1__ens,ensemble,final-cnn_neutral_cw0.5_k8_b1,cnn_transformer,8,30,sharpe_costs,1.0,5.0,1.0,rolling,1000,1000,125,30,125,0.001,0.25,8,4,16,-1,mps,True,0.5,1483,2020-02-07,2025-12-31,1.0095727074075835,0.038690623680752524,0.03832376152491649,1.5330601179364958,0.8211375657796403,0.03868317676909938,0.2502639843003345,-0.047109252311908434,357,0.5151719487525287,0.5492957746478874,0.18825230308413393,2.340352846524799,0.0038263792426239964,0.00493445353612769,2.3406846723872854,0.01924841640478208,0.47223936778963954,0.5,-5.123526951269107e-19,36.09948159320844,1.0,3.2511948691189896,-0.8735186858959824,-0.033456376741428845,0.03830069955185,0.0,ensemble,"['final__cnn_neutral_cw0.5_k8__s0', 'final__cnn_neutral_cw0.5_k8__s1', 'final__cnn_neutral_cw0.5_k8__s2']",1.0,,,
ensemble__final-cnn_neutral_cw0.5_k8_b20__ens,ensemble,final-cnn_neutral_cw0.5_k8_b20,cnn_transformer,8,30,sharpe_costs,1.0,5.0,1.0,rolling,1000,1000,125,30,125,0.001,0.25,8,4,16,-1,mps,True,0.5,1483,2020-02-07,2025-12-31,0.6332782081217542,0.0248691260983672,0.0392704593011763,0.9246792974347479,0.4247806063978221,0.024389378883491908,0.1523544637497174,-0.05741641335821812,442,0.5144976399190829,0.5633802816901409,-0.1920507188631913,3.6234562268498163,0.00359333050493447,0.0052272887189100115,1.5754079754251913,0.11516230466900047,0.11696028239902763,0.5,1.4049894850248875e-19,33.8265475957335,1.0,8.437651337927552,-0.06476241039937848,-0.00254289511062486,0.03926498558258208,0.0,ensemble,"['final__cnn_neutral_cw0.5_k8__s0', 'final__cnn_neutral_cw0.5_k8__s1', 'final__cnn_neutral_cw0.5_k8__s2']",20.0,,,
ensemble__final-cnn_neutral_cw0.5_k8_b2__ens,ensemble,final-cnn_neutral_cw0.5_k8_b2,cnn_transformer,8,30,sharpe_costs,1.0,5.0,1.0,rolling,1000,1000,125,30,125,0.001,0.25,8,4,16,-1,mps,True,0.5,1483,2020-02-07,2025-12-31,0.9824712126050696,0.03788752239507936,0.03856349367694833,1.497991475221099,0.8299975666282973,0.03783999684197381,0.24430299347389162,-0.04559049130190995,309,0.5198921105866486,0.5352112676056338,0.260753521456275,2.886794073132948,0.0037391964653887074,0.004893627091770427,2.2623389072941946,0.023676472325727352,0.3587340585903266,0.5,2.068245411976731e-19,36.45511814968076,1.0,4.19105204792615,-0.5177529375429627,-0.01996745280970073,0.038565600234849166,0.0,ensemble,"['final__cnn_neutral_cw0.5_k8__s0', 'final__cnn_neutral_cw0.5_k8__s1', 'final__cnn_neutral_cw0.5_k8__s2']",2.0,,,
ensemble__final-cnn_neutral_cw0.5_k8_b3__ens,ensemble,final-cnn_neutral_cw0.5_k8_b3,cnn_transformer,8,30,sharpe_costs,1.0,5.0,1.0,rolling,1000,1000,125,30,125,0.001,0.25,8,4,16,-1,mps,True,0.5,1483,2020-02-07,2025-12-31,1.0391142797003925,0.04094037436817887,0.03939929916080375,1.614874196769337,0.928799488962974,0.040979309251133245,0.2666171358940619,-0.044120727603852994,303,0.5185434929197572,0.5774647887323944,0.6124996177386093,5.739654402213869,0.003710714777448813,0.004956414876301377,2.3981104712808357,0.016479894198818578,0.30206715899355674,0.5,3.2139103056045384e-19,36.3947290509191,1.0,5.378333864218395,-0.24830682724939032,-0.009779386072269435,0.039384281860471666,0.0,ensemble,"['final__cnn_neutral_cw0.5_k8__s0', 'final__cnn_neutral_cw0.5_k8__s1', 'final__cnn_neutral_cw0.5_k8__s2']",3.0,,,
ensemble__final-cnn_neutral_cw0.5_k8_b5__ens,ensemble,final-cnn_neutral_cw0.5_k8_b5,cnn_transformer,8,30,sharpe_costs,1.0,5.0,1.0,rolling,1000,1000,125,30,125,0.001,0.25,8,4,16,-1,mps,True,0.5,1483,2020-02-07,2025-12-31,1.1939323443592036,0.04587008626810803,0.03841933463384561,1.8432720802574496,1.1598229188246225,0.046162267384564304,0.30418399280517217,-0.039801133979440295,146,0.5367498314227916,0.5915492957746479,0.2857186779561026,2.928996836878923,0.0035097623222256594,0.004874127256813872,2.8551928626379137,0.004301070154231186,0.23724655050876045,0.5,6.155844785974045e-19,36.12047707973771,1.0,7.672362420748883,0.08627018550669527,0.003312215149023838,0.03839350906190857,0.0,ensemble,"['final__cnn_neutral_cw0.5_k8__s0', 'final__cnn_neutral_cw0.5_k8__s1', 'final__cnn_neutral_cw0.5_k8__s2']",5.0,,,
ensemble__final-cnn_neutral_cw0_b10__ens,ensemble,final-cnn_neutral_cw0_b10,cnn_transformer,5,30,sharpe,1.0,5.0,1.0,rolling,1000,1000,125,30,125,0.001,0.25,8,4,16,-1,mps,True,1.0,1483,2020-02-07,2025-12-31,0.24718964037668315,0.01140434891965856,0.04613603103382445,0.35242677472921274,0.1470977042786297,0.010393477667500317,0.06273855519475235,-0.07065696720740922,691,0.4996628455832771,0.5915492957746479,-0.027952098735774526,2.8286224231336705,0.004485868949700766,0.0065976809360510065,0.6244625505929092,0.5323238571666972,0.28787716448748984,0.5,1.0829730322950181e-18,30.897777446074308,1.0,1.5720369115194124,-0.8129674470858854,-0.037528677836294204,0.04616258371822546,0.0,ensemble,"['final__cnn_neutral_cw0__s0', 'final__cnn_neutral_cw0__s1', 'final__cnn_neutral_cw0__s2']",10.0,,,
ensemble__final-cnn_neutral_cw0_b1__ens,ensemble,final-cnn_neutral_cw0_b1,cnn_transformer,5,30,sharpe,1.0,5.0,1.0,rolling,1000,1000,125,30,125,0.001,0.25,8,4,16,-1,mps,True,1.0,1483,2020-02-07,2025-12-31,0.5420609282280775,0.024769782240581482,0.045695568432778375,0.7714229082789992,0.26583039443393736,0.024007965088796324,0.14983177838368422,-0.09031309282717348,1114,0.5252865812542145,0.5492957746478874,-0.19829015491595411,3.0027328010287793,0.004359233819619487,0.006567122598514247,1.4296306380864983,0.15282305730340523,1.074409373981807,0.5,-6.969727502440321e-19,30.35025156118654,1.0,0.914854142650458,-2.6966507396366013,-0.12319947684395718,0.04568610796834575,0.0,ensemble,"['final__cnn_neutral_cw0__s0', 'final__cnn_neutral_cw0__s1', 'final__cnn_neutral_cw0__s2']",1.0,,,
ensemble__final-cnn_neutral_cw0_b20__ens,ensemble,final-cnn_neutral_cw0_b20,cnn_transformer,5,30,sharpe,1.0,5.0,1.0,rolling,1000,1000,125,30,125,0.001,0.25,8,4,16,-1,mps,True,1.0,1483,2020-02-07,2025-12-31,-0.05118833580184182,-0.002407729143782564,0.04703667556420014,-0.07238606340299981,-0.03411615763328588,-0.003507827025486354,-0.02046721899202819,-0.10282010838359756,546,0.4915711395819285,0.4788732394366197,0.009400808816530179,2.8210738757167135,0.004557764610098387,0.006730747099659748,-0.12538389320212606,0.9002196388448179,0.1933836371891167,0.5,1.6491668655243387e-19,31.185563672301953,1.0,-0.49406872619487574,-0.8381925102697145,-0.03944259990548057,0.04705673150525848,0.0,ensemble,"['final__cnn_neutral_cw0__s0', 'final__cnn_neutral_cw0__s1', 'final__cnn_neutral_cw0__s2']",20.0,,,
ensemble__final-cnn_neutral_cw0_b2__ens,ensemble,final-cnn_neutral_cw0_b2,cnn_transformer,5,30,sharpe,1.0,5.0,1.0,rolling,1000,1000,125,30,125,0.001,0.25,8,4,16,-1,mps,True,1.0,1483,2020-02-07,2025-12-31,0.6211479577352947,0.027699563062349733,0.0445941465594483,0.8994269003979042,0.5047224558176095,0.02706353621532509,0.17017079111022237,-0.05362063031549558,479,0.5111260957518543,0.5633802816901409,-0.06718730810287375,2.2619348661655483,0.0044940267721868595,0.006368736996371736,1.5257666753890935,0.12706798272198297,0.7282341656592454,0.5,8.862157889586426e-19,30.835081520742314,1.0,1.5093895099190322,-1.7196928133612477,-0.07668103182765851,0.04458995887630688,0.0,ensemble,"['final__cnn_neutral_cw0__s0', 'final__cnn_neutral_cw0__s1', 'final__cnn_neutral_cw0__s2']",2.0,,,
ensemble__final-cnn_neutral_cw0_b3__ens,ensemble,final-cnn_neutral_cw0_b3,cnn_transformer,5,30,sharpe,1.0,5.0,1.0,rolling,1000,1000,125,30,125,0.001,0.25,8,4,16,-1,mps,True,1.0,1483,2020-02-07,2025-12-31,0.73086395191706,0.03319891701143993,0.04542420914912959,1.0678394309258141,0.43554577400732514,0.032688124710722466,0.2083911414282229,-0.07505095138444096,663,0.5151719487525287,0.5211267605633803,-0.033803726401031624,2.6855397050345493,0.004368498840847531,0.006384676775077357,1.732997156092095,0.08309617426916016,0.5818191239599435,0.5,2.692422448671569e-19,30.899728377086483,1.0,2.264307389480905,-1.1616597956296204,-0.052745822472908134,0.0454055676811298,0.0,ensemble,"['final__cnn_neutral_cw0__s0', 'final__cnn_neutral_cw0__s1', 'final__cnn_neutral_cw0__s2']",3.0,,,
ensemble__final-cnn_neutral_cw0_b5__ens,ensemble,final-cnn_neutral_cw0_b5,cnn_transformer,5,30,sharpe,1.0,5.0,1.0,rolling,1000,1000,125,30,125,0.001,0.25,8,4,16,-1,mps,True,1.0,1483,2020-02-07,2025-12-31,0.5823387899674494,0.026770448114675608,0.04597057344603814,0.8343732916070774,0.46537074485223995,0.026045586274624055,0.16336203595944632,-0.055967390650853654,428,0.5212407282535402,0.5211267605633803,-0.19642351434577707,3.0830717093890874,0.004297026227531364,0.00652511214615333,1.4480992808635107,0.14758928666455706,0.4327119797588435,0.5,-7.598622335591207e-19,30.87467669590716,1.0,2.4550264825624426,-0.8789149638136,-0.04039945977765641,0.04596515185310272,0.0,ensemble,"['final__cnn_neutral_cw0__s0', 'final__cnn_neutral_cw0__s1', 'final__cnn_neutral_cw0__s2']",5.0,,,
ensemble__final-cnn_neutral_cw1_b10__ens,ensemble,final-cnn_neutral_cw1_b10,cnn_transformer,5,30,sharpe_costs,1.0,5.0,1.0,rolling,1000,1000,125,30,125,0.001,0.25,8,4,16,-1,mps,True,1.0,1483,2020-02-07,2025-12-31,-0.23140359812117972,-0.01026412262280301,0.04435593355565703,-0.3196991613166651,-0.1319132375449073,-0.01118552937979922,-0.06405341389207886,-0.08479459368883524,1293,0.48415374241402565,0.4507042253521127,-0.21656659158571837,3.54220800839993,0.00441260486843583,0.006508287051009258,-0.5716862869810069,0.5675345262929539,0.13481124054243337,0.5,1.4816839490110056e-18,38.150353590236406,1.0,-3.0213092888024375,-0.8998957828682581,-0.03992384788846024,0.04436496830911915,0.0,ensemble,"['final__cnn_neutral_cw1__s0', 'final__cnn_neutral_cw1__s1', 'final__cnn_neutral_cw1__s2']",10.0,,,
ensemble__final-cnn_neutral_cw1_b1__ens,ensemble,final-cnn_neutral_cw1_b1,cnn_transformer,5,30,sharpe_costs,1.0,5.0,1.0,rolling,1000,1000,125,30,125,0.001,0.25,8,4,16,-1,mps,True,1.0,1483,2020-02-07,2025-12-31,-0.13172211451645854,-0.005942787940356129,0.0451160988583552,-0.1827811175684393,-0.08219112636556654,-0.0069366459670738845,-0.04013617321864971,-0.08439653127785762,1293,0.5057316250842886,0.4507042253521127,-0.07802452629866058,4.0317830209438785,0.00459061175197894,0.0066150703189974186,-0.3440725644738038,0.7307917150360952,0.39612862090816936,0.5,1.4067395247756545e-18,38.30241432407234,1.0,-0.595324108940791,-1.5173604567788626,-0.06850630084623899,0.0451483367318455,0.0,ensemble,"['final__cnn_neutral_cw1__s0', 'final__cnn_neutral_cw1__s1', 'final__cnn_neutral_cw1__s2']",1.0,,,
ensemble__final-cnn_neutral_cw1_b20__ens,ensemble,final-cnn_neutral_cw1_b20,cnn_transformer,5,30,sharpe_costs,1.0,5.0,1.0,rolling,1000,1000,125,30,125,0.001,0.25,8,4,16,-1,mps,True,1.0,1483,2020-02-07,2025-12-31,-0.37029141306179303,-0.01714790857813914,0.04630922558087393,-0.5155992742809373,-0.1341406544372367,-0.018055946484169083,-0.10167989576937098,-0.13460458024392086,1399,0.4935940660822657,0.4225352112676056,-0.0019512769166452402,3.591665858515296,0.004610343237518331,0.00662052152267821,-0.906047390260312,0.3649107695510847,0.09653722141631285,0.5,-5.173355106574883e-20,36.65729605165461,1.0,-7.048810320426137,-0.9065411676194994,-0.0419883593060629,0.0463171015347497,0.0,ensemble,"['final__cnn_neutral_cw1__s0', 'final__cnn_neutral_cw1__s1', 'final__cnn_neutral_cw1__s2']",20.0,,,
ensemble__final-cnn_neutral_cw1_b2__ens,ensemble,final-cnn_neutral_cw1_b2,cnn_transformer,5,30,sharpe_costs,1.0,5.0,1.0,rolling,1000,1000,125,30,125,0.001,0.25,8,4,16,-1,mps,True,1.0,1483,2020-02-07,2025-12-31,-0.008564874807962123,-0.00037912171646743204,0.044264711973955644,-0.011908340974422097,-0.023151780414634927,-0.001358184188834377,-0.007966338123818195,-0.05866435170471074,1092,0.5037086985839514,0.4225352112676056,-0.15284310644913437,2.774553392778296,0.004647962993557738,0.006486693311040104,-0.021571080198836075,0.9827901028203722,0.300372485990463,0.5,7.77310084181322e-19,38.67581853246384,1.0,-0.05008618718396565,-1.1490997478621026,-0.05088549734288087,0.04428292446983234,0.0,ensemble,"['final__cnn_neutral_cw1__s0', 'final__cnn_neutral_cw1__s1', 'final__cnn_neutral_cw1__s2']",2.0,,,
ensemble__final-cnn_neutral_cw1_b3__ens,ensemble,final-cnn_neutral_cw1_b3,cnn_transformer,5,30,sharpe_costs,1.0,5.0,1.0,rolling,1000,1000,125,30,125,0.001,0.25,8,4,16,-1,mps,True,1.0,1483,2020-02-07,2025-12-31,0.06215542130951452,0.0027552832851593084,0.04432892943382784,0.08641803717507378,0.02627940790531351,0.0017738383777232691,0.010484228931927797,-0.06749917593708843,563,0.5144976399190829,0.43661971830985913,-0.2583130214445382,3.190198523063728,0.004497415517265333,0.006511414435115975,0.15323071050622758,0.8782163401605837,0.24679571806656556,0.5,5.165427380810965e-19,38.80992841740064,1.0,0.44302485941219755,-0.9253856097677833,-0.04100497162111576,0.04431122678837157,0.0,ensemble,"['final__cnn_neutral_cw1__s0', 'final__cnn_neutral_cw1__s1', 'final__cnn_neutral_cw1__s2']",3.0,,,
ensemble__final-cnn_neutral_cw1_b5__ens,ensemble,final-cnn_neutral_cw1_b5,cnn_transformer,5,30,sharpe_costs,1.0,5.0,1.0,rolling,1000,1000,125,30,125,0.001,0.25,8,4,16,-1,mps,True,1.0,1483,2020-02-07,2025-12-31,0.022518821747135515,0.0010050767640695814,0.044632742128145816,0.03175348744959231,0.00012763139137553765,8.926368048722821e-06,5.253211283440251e-05,-0.06993865656810261,563,0.5003371544167229,0.49295774647887325,-0.045165296129431376,4.976507737317467,0.004248572701996264,0.006389325783772157,0.056080813521533365,0.9552774284726088,0.19131833321277267,0.5,-2.2278919886139152e-18,38.71825730511963,1.0,0.2084692977637076,-0.8020535154867084,-0.03576974117085117,0.04459769888190702,0.0,ensemble,"['final__cnn_neutral_cw1__s0', 'final__cnn_neutral_cw1__s1', 'final__cnn_neutral_cw1__s2']",5.0,,,
ensemble__full_paper-ff5_b10__ens,ensemble,full_paper-ff5_b10,cnn_transformer,5,30,sharpe,1.0,5.0,1.0,rolling,1000,1000,125,30,125,0.001,0.25,8,4,16,-1,cuda,False,1.0,3499,2003-02-10,2016-12-30,0.7975797823187611,0.021990525531158475,0.02757156841065679,1.2044805924181798,0.3583163882105794,0.021844904663305575,0.3499253529253985,-0.060965407617548095,875,0.5155758788225208,0.5868263473053892,0.4345554187021343,4.50727769700138,0.0026217315232343152,0.0037184659391197123,2.865101751889722,0.004168752665718414,0.28972959812214666,0.3337543094251319,0.33249138114973614,312.5556435961304,1.0,3.011911477757282,-0.8324870363157454,-0.022951589471939274,0.027569906161558775,0.0,ensemble,"['full_paper__ff5__s0', 'full_paper__ff5__s1']",10.0,full,ff5,0.0
ensemble__full_paper-ff5_b1__ens,ensemble,full_paper-ff5_b1,cnn_transformer,5,30,sharpe,1.0,5.0,1.0,rolling,1000,1000,125,30,125,0.001,0.25,8,4,16,-1,cuda,False,1.0,3499,2003-02-10,2016-12-30,2.12286582167189,0.05713658007663497,0.02691483347338285,3.460216119854473,1.5388237950726598,0.05841057090940249,1.1994858691732952,-0.0379579332581379,206,0.557587882252072,0.688622754491018,0.6434919250438952,7.6828183821602,0.002265496278607604,0.0034040691878743953,7.20071815574283,5.989624201501317e-13,1.0271259350385447,0.4167603983481569,0.16647920330368618,299.90225594753,1.0,2.2074455807900404,-3.070563630851854,-0.08278267296384449,0.0269600903664968,0.0,ensemble,"['full_paper__ff5__s0', 'full_paper__ff5__s1']",1.0,full,ff5,0.0
ensemble__full_paper-ff5_b20__ens,ensemble,full_paper-ff5_b20,cnn_transformer,5,30,sharpe,1.0,5.0,1.0,rolling,1000,1000,125,30,125,0.001,0.25,8,4,16,-1,cuda,False,1.0,3499,2003-02-10,2016-12-30,0.4738655518354155,0.013481276877623861,0.028449582007822802,0.7001732740396831,0.1789403842100941,0.013162277762934993,0.19909233438075957,-0.07355677602369037,1701,0.5090025721634753,0.5568862275449101,0.2925882878017708,3.1000665699541585,0.002802816981858678,0.0038340871906246666,1.7020489955596094,0.08874618397534477,0.19773268726222631,0.2805744763168107,0.43885104736637864,317.869536990184,1.0,2.705527912833921,-0.6514290604472124,-0.018532408398109556,0.028448851184788838,0.0,ensemble,"['full_paper__ff5__s0', 'full_paper__ff5__s1']",20.0,full,ff5,0.0
ensemble__full_paper-ff5_b3__ens,ensemble,full_paper-ff5_b3,cnn_transformer,5,30,sharpe,1.0,5.0,1.0,rolling,1000,1000,125,30,125,0.001,0.25,8,4,16,-1,cuda,False,1.0,3499,2003-02-10,2016-12-30,1.7697675089383218,0.04784864174571044,0.027036682221844324,2.827946139078125,0.9447284208037737,0.04862415883338267,0.9333260650865414,-0.051468927749641846,268,0.5464418405258645,0.6646706586826348,0.5729265210068598,6.199670886050665,0.002395311658244015,0.0035388467061990355,5.947696725366112,2.7194184047645657e-09,0.5732497524616766,0.3884665531080157,0.2230668937839685,307.19773130450494,1.0,3.312265930645503,-1.2645652655196875,-0.0341855516023798,0.027033441874849268,0.0,ensemble,"['full_paper__ff5__s0', 'full_paper__ff5__s1']",3.0,full,ff5,0.0
ensemble__full_paper-ff5_b5__ens,ensemble,full_paper-ff5_b5,cnn_transformer,5,30,sharpe,1.0,5.0,1.0,rolling,1000,1000,125,30,125,0.001,0.25,8,4,16,-1,cuda,False,1.0,3499,2003-02-10,2016-12-30,1.4502954173432072,0.03958758363629817,0.027296220592642133,2.286705052014244,0.8260837412659409,0.039991223344542304,0.7236761606801991,-0.0484106166806495,518,0.5372963703915404,0.6706586826347305,0.5365192262206738,5.346758674795099,0.0024670242236761305,0.003554846908980625,5.055160360333494,4.3002928216414756e-07,0.4273109928772987,0.36964575421317275,0.2607084915736546,310.0653231496152,1.0,3.6763291484858924,-0.8643863666740716,-0.02358929716886882,0.027290223536997872,0.0,ensemble,"['full_paper__ff5__s0', 'full_paper__ff5__s1']",5.0,full,ff5,0.0
ensemble__full_paper-pca5_b10__ens,ensemble,full_paper-pca5_b10,cnn_transformer,5,30,sharpe,1.0,5.0,1.0,rolling,1000,1000,125,30,125,0.001,0.25,8,4,16,-1,cuda,False,1.0,3499,2003-02-10,2016-12-30,1.3892754763147421,0.028683073680686188,0.02064606636314654,2.1698048591920687,0.7727243943404961,0.028877533966665148,0.48480279104005075,-0.037371065515941826,489,0.533009431266076,0.688622754491018,0.4148656666616247,4.5411672651481165,0.001907607459410209,0.002749587270441659,4.652659726510086,3.276807352057002e-06,0.25913062131989434,0.483191632651271,0.033616734697457976,314.15757531269963,1.0,4.392445801092418,-0.7833263207181254,-0.016170492668613635,0.020643366935237297,0.0,ensemble,"['full_paper__pca5__s0', 'full_paper__pca5__s1']",10.0,full,pca,0.0
ensemble__full_paper-pca5_b1__ens,ensemble,full_paper-pca5_b1,cnn_transformer,5,30,sharpe,1.0,5.0,1.0,rolling,1000,1000,125,30,125,0.001,0.25,8,4,16,-1,cuda,False,1.0,3499,2003-02-10,2016-12-30,2.8418439938307722,0.06426620901350985,0.022614263539104326,4.7571047834548175,2.064765417558393,0.06609506985516633,1.431892374574316,-0.03201093416864975,399,0.58673906830523,0.7904191616766467,0.2651808870321348,6.307174545134181,0.00188249715162817,0.0027747222370170395,9.219620265462343,2.981542188877164e-20,1.0677731233974406,0.4705752241322541,0.058849551735491806,291.93133791869303,1.0,2.388378517442563,-3.6323027739944207,-0.08212925965296396,0.02261079672128954,0.0,ensemble,"['full_paper__pca5__s0', 'full_paper__pca5__s1']",1.0,full,pca,0.0
ensemble__full_paper-pca5_b20__ens,ensemble,full_paper-pca5_b20,cnn_transformer,5,30,sharpe,1.0,5.0,1.0,rolling,1000,1000,125,30,125,0.001,0.25,8,4,16,-1,cuda,False,1.0,3499,2003-02-10,2016-12-30,1.0775488340035149,0.021009959897797817,0.01949791901285588,1.6355489895862456,0.42366882604951617,0.021037299085425287,0.33518671116004106,-0.049655055533792236,821,0.5244355530151472,0.6107784431137725,0.25846796213368123,5.09620620321699,0.0017403601514108281,0.002691896312185116,3.832705761065576,0.00012674151258950568,0.16230468920485988,0.5014771902957892,-0.002954380591578343,332.29422278660127,1.0,5.136811335873375,-0.6208030871884503,-0.012107821787414168,0.019503481920892463,0.0,ensemble,"['full_paper__pca5__s0', 'full_paper__pca5__s1']",20.0,full,pca,0.0
ensemble__full_paper-pca5_b3__ens,ensemble,full_paper-pca5_b3,cnn_transformer,5,30,sharpe,1.0,5.0,1.0,rolling,1000,1000,125,30,125,0.001,0.25,8,4,16,-1,cuda,False,1.0,3499,2003-02-10,2016-12-30,2.360175757356149,0.050704676732791026,0.02148343256842449,3.934473071185746,1.7192726588727274,0.05176427915529036,1.0152803892802535,-0.03010824309230309,399,0.5641611889111174,0.7544910179640718,0.5852789538072124,6.350410754668063,0.0017788923842638742,0.002646589792751004,7.702929843339758,1.329813787706141e-14,0.5731123995600359,0.4708340959868288,0.05833180802634249,293.4711981954673,1.0,3.510812797077778,-1.5550938168427764,-0.033387877176356204,0.021470008313801817,0.0,ensemble,"['full_paper__pca5__s0', 'full_paper__pca5__s1']",3.0,full,pca,0.0
ensemble__full_paper-pca5_b5__ens,ensemble,full_paper-pca5_b5,cnn_transformer,5,30,sharpe,1.0,5.0,1.0,rolling,1000,1000,125,30,125,0.001,0.25,8,4,16,-1,cuda,False,1.0,3499,2003-02-10,2016-12-30,1.9308492163812456,0.041091847752025824,0.02128174867483399,3.1219933295216817,1.1910952713900775,0.041708569145678887,0.763620296382548,-0.035016988269126914,399,0.5564446984852816,0.7305389221556886,0.5271013669602614,5.666795618053889,0.001913125862752667,0.0027091888344878087,6.2709194527325645,3.5892226634736244e-10,0.41038360823779835,0.4738479423361547,0.052304115327690616,300.73156679231454,1.0,3.973425951515514,-1.0616864201827365,-0.02257868728927029,0.021266813684387213,0.0,ensemble,"['full_paper__pca5__s0', 'full_paper__pca5__s1']",5.0,full,pca,0.0
ensemble__full_recipe-ff5_cw0.25_b10__ens,ensemble,full_recipe-ff5_cw0.25_b10,cnn_transformer,5,30,sharpe_costs,1.0,5.0,1.0,rolling,1000,1000,125,30,125,0.001,0.25,8,4,16,-1,cuda,True,0.25,3499,2003-02-10,2016-12-30,0.6165774392731519,0.01696397873767488,0.027513135669823975,0.92419667533038,0.23256304582873888,0.01672346662326918,0.2589571985068222,-0.07190938940309743,1545,0.5144326950557302,0.5808383233532934,0.46051435403207586,4.925105959327334,0.0026810453640927923,0.003719237538804636,2.268036986664545,0.023326952438177274,0.26603345143182866,0.5,3.698495893337234e-19,309.50235279970457,1.0,2.5304102014556027,-1.0606608391589234,-0.02918266649001178,0.027513664512355224,0.0,ensemble,"['full_recipe__ff5_cw0.25__s0', 'full_recipe__ff5_cw0.25__s1', 'full_recipe__ff5_cw0.25__s2']",10.0,full,ff5,0.0
ensemble__full_recipe-ff5_cw0.25_b1__ens,ensemble,full_recipe-ff5_cw0.25_b1,cnn_transformer,5,30,sharpe_costs,1.0,5.0,1.0,rolling,1000,1000,125,30,125,0.001,0.25,8,4,16,-1,cuda,True,0.25,3499,2003-02-10,2016-12-30,1.9901538919208301,0.05450742078240355,0.02738854568165822,3.220837315814212,1.9152526554511196,0.05561853258071392,1.120278525249811,-0.029039788783174147,254,0.5510145755930266,0.7125748502994012,0.6148715768840534,7.293535071883699,0.0023239698905000218,0.003486158025448191,6.836926186759307,8.091040229237777e-12,0.8741273631196318,0.5,5.043290814339546e-19,301.2917648338778,1.0,2.474459649073579,-2.4902551035063203,-0.06823715968065776,0.027401674464828402,0.0,ensemble,"['full_recipe__ff5_cw0.25__s0', 'full_recipe__ff5_cw0.25__s1', 'full_recipe__ff5_cw0.25__s2']",1.0,full,ff5,0.0
ensemble__full_recipe-ff5_cw0.25_b20__ens,ensemble,full_recipe-ff5_cw0.25_b20,cnn_transformer,5,30,sharpe_costs,1.0,5.0,1.0,rolling,1000,1000,125,30,125,0.001,0.25,8,4,16,-1,cuda,True,0.25,3499,2003-02-10,2016-12-30,0.26676460196000995,0.00741230159425106,0.027785926392746144,0.3894355991494639,0.07745144845262314,0.00705103341130342,0.10247703088961901,-0.09103810906282173,1732,0.49928551014575595,0.562874251497006,0.24106814859201836,3.551162878725071,0.002719909884646629,0.0038480088099334176,0.9930429903366974,0.32068900448480675,0.1876846513869414,0.5,-1.0188215899206455e-18,311.28183728312075,1.0,1.5671976902704001,-1.038835815428595,-0.028865216190685102,0.027786119579229284,0.0,ensemble,"['full_recipe__ff5_cw0.25__s0', 'full_recipe__ff5_cw0.25__s1', 'full_recipe__ff5_cw0.25__s2']",20.0,full,ff5,0.0
ensemble__full_recipe-ff5_cw0.25_b3__ens,ensemble,full_recipe-ff5_cw0.25_b3,cnn_transformer,5,30,sharpe_costs,1.0,5.0,1.0,rolling,1000,1000,125,30,125,0.001,0.25,8,4,16,-1,cuda,True,0.25,3499,2003-02-10,2016-12-30,1.591837585594786,0.04345128423934582,0.027296304995280258,2.5409103246327094,1.1153085229830968,0.04401667641566154,0.8186589409141649,-0.039465919526850635,255,0.5395827379251215,0.6826347305389222,0.8133173659049147,9.886573526190954,0.002433541581163179,0.003514232924137252,5.505738575788531,3.6762372653123185e-08,0.5136086705561763,0.5,-4.607007116465984e-19,307.7354559638773,1.0,3.3571421393996106,-1.2416648261005028,-0.03388092334290443,0.027286690120158115,0.0,ensemble,"['full_recipe__ff5_cw0.25__s0', 'full_recipe__ff5_cw0.25__s1', 'full_recipe__ff5_cw0.25__s2']",3.0,full,ff5,0.0
ensemble__full_recipe-ff5_cw0.25_b5__ens,ensemble,full_recipe-ff5_cw0.25_b5,cnn_transformer,5,30,sharpe_costs,1.0,5.0,1.0,rolling,1000,1000,125,30,125,0.001,0.25,8,4,16,-1,cuda,True,0.25,3499,2003-02-10,2016-12-30,1.3339283861767892,0.036278635990216086,0.027196839325231946,2.1023279231413907,0.8562028880782661,0.03655902095484298,0.6463491590017438,-0.042699016160642866,606,0.5412975135753072,0.6646706586826348,0.7157427107216668,7.283319948265682,0.0025176669553417467,0.0035045574648269805,4.72477412655895,2.3037126741021717e-06,0.3863709038600143,0.5,6.55664989133846e-20,309.136159175984,1.0,3.7260269806231388,-0.920471479732535,-0.025026194857024158,0.027188452231345746,0.0,ensemble,"['full_recipe__ff5_cw0.25__s0', 'full_recipe__ff5_cw0.25__s1', 'full_recipe__ff5_cw0.25__s2']",5.0,full,ff5,0.0
ensemble__full_recipe-ff5_cw0.5_b10__ens,ensemble,full_recipe-ff5_cw0.5_b10,cnn_transformer,5,30,sharpe_costs,1.0,5.0,1.0,rolling,1000,1000,125,30,125,0.001,0.25,8,4,16,-1,cuda,True,0.5,3499,2003-02-10,2016-12-30,0.4168482453751483,0.012732065557119898,0.030543646754855595,0.6077969425466274,0.10759985040357861,0.012340947871408936,0.1856656789714899,-0.1146929835415319,1446,0.5135753072306374,0.562874251497006,0.15366598635675321,4.700536972169462,0.003024980854855515,0.004288581456921507,1.5473584743253175,0.121776828692541,0.21285813723716104,0.5,3.6935381240432163e-20,330.14098664545105,1.0,2.3736029229090776,-0.8749926657376289,-0.02671640494045205,0.0305332901481292,0.0,ensemble,"['full_recipe__ff5_cw0.5__s0', 'full_recipe__ff5_cw0.5__s1', 'full_recipe__ff5_cw0.5__s2']",10.0,full,ff5,0.0
ensemble__full_recipe-ff5_cw0.5_b1__ens,ensemble,full_recipe-ff5_cw0.5_b1,cnn_transformer,5,30,sharpe_costs,1.0,5.0,1.0,rolling,1000,1000,125,30,125,0.001,0.25,8,4,16,-1,cuda,True,0.5,3499,2003-02-10,2016-12-30,1.3078814302462816,0.0383759763281972,0.029342091294140314,2.0137150254970555,0.6929242113927749,0.03867186429503833,0.6935609279279185,-0.055809659496971586,508,0.535295798799657,0.6227544910179641,0.2696462181570826,5.102396569032848,0.0026875896911809937,0.0039289841412742926,4.562215615679051,5.061662703919609e-06,0.6752358918848238,0.5,8.167305190732474e-19,330.05130971968094,1.0,2.255295107683116,-2.0256166014855927,-0.05931544089856824,0.02928265934188441,0.0,ensemble,"['full_recipe__ff5_cw0.5__s0', 'full_recipe__ff5_cw0.5__s1', 'full_recipe__ff5_cw0.5__s2']",1.0,full,ff5,0.0
ensemble__full_recipe-ff5_cw0.5_b20__ens,ensemble,full_recipe-ff5_cw0.5_b20,cnn_transformer,5,30,sharpe_costs,1.0,5.0,1.0,rolling,1000,1000,125,30,125,0.001,0.25,8,4,16,-1,cuda,True,0.5,3499,2003-02-10,2016-12-30,0.16228906839797075,0.0051192875339438875,0.03154425362397298,0.2314471481795939,0.035203151415400674,0.004632388275754629,0.06627559438435826,-0.13159015853700107,1445,0.5018576736210346,0.49700598802395207,-0.05566954371303627,4.451914795495271,0.0031038159548526624,0.004542335820842373,0.5990146643449987,0.549163105710737,0.14653235708655366,0.5,5.5756312922847e-19,330.4980083543495,1.0,1.38635817201838,-0.8235634775543523,-0.025974523075139953,0.031539187668051645,0.0,ensemble,"['full_recipe__ff5_cw0.5__s0', 'full_recipe__ff5_cw0.5__s1', 'full_recipe__ff5_cw0.5__s2']",20.0,full,ff5,0.0
ensemble__full_recipe-ff5_cw0.5_b3__ens,ensemble,full_recipe-ff5_cw0.5_b3,cnn_transformer,5,30,sharpe_costs,1.0,5.0,1.0,rolling,1000,1000,125,30,125,0.001,0.25,8,4,16,-1,cuda,True,0.5,3499,2003-02-10,2016-12-30,1.1290978169577928,0.03367391649703741,0.029823737138884386,1.7216896638129402,0.6016523989203438,0.033785418585342564,0.5862257267359847,-0.0561543819088397,499,0.53615318662475,0.6047904191616766,0.31968338463425083,5.8630243928841,0.0027215044223632607,0.004001519244875536,3.938608483072822,8.195553734370166e-05,0.41451167039133185,0.5,1.4253586720301002e-21,331.64899519951086,1.0,3.2237126795457245,-1.0469966872966054,-0.031175637576023103,0.029776252355220023,0.0,ensemble,"['full_recipe__ff5_cw0.5__s0', 'full_recipe__ff5_cw0.5__s1', 'full_recipe__ff5_cw0.5__s2']",3.0,full,ff5,0.0
ensemble__full_recipe-ff5_cw0.5_b5__ens,ensemble,full_recipe-ff5_cw0.5_b5,cnn_transformer,5,30,sharpe_costs,1.0,5.0,1.0,rolling,1000,1000,125,30,125,0.001,0.25,8,4,16,-1,cuda,True,0.5,3499,2003-02-10,2016-12-30,0.9207608134729777,0.027495160640860116,0.029861349699660127,1.3924466965082412,0.36805143434508314,0.027417208724761055,0.45580726024711016,-0.0744928729147536,1446,0.5332952272077737,0.5748502994011976,0.33607925686767043,5.945861144955064,0.0027472350738680673,0.00401010393666663,3.303256680545491,0.0009556886649257183,0.3127445221064025,0.5,3.2907193689042745e-19,330.91445538221353,1.0,3.4887191496115997,-0.8225339591997041,-0.024535397412684512,0.0298290388357419,0.0,ensemble,"['full_recipe__ff5_cw0.5__s0', 'full_recipe__ff5_cw0.5__s1', 'full_recipe__ff5_cw0.5__s2']",5.0,full,ff5,0.0
ensemble__full_recipe-pca5_cw0.25_b10__ens,ensemble,full_recipe-pca5_cw0.25_b10,cnn_transformer,5,30,sharpe_costs,1.0,5.0,1.0,rolling,1000,1000,125,30,125,0.001,0.25,8,4,16,-1,cuda,True,0.25,3499,2003-02-10,2016-12-30,1.4500142800102405,0.03466361804345322,0.023905708048067232,2.243940365382591,0.808638184269897,0.034973317053996755,0.6117219041462536,-0.04324964827820177,496,0.5372963703915404,0.7065868263473054,0.26677858483218037,3.38647426308623,0.002222922381570844,0.003199252511752402,4.90919334758395,9.145178010310487e-07,0.2705444721427979,0.5,2.7174772942834735e-19,312.1691936603174,1.0,5.084341171915343,-0.5044267677253865,-0.012051253350657643,0.023890987000948435,0.0,ensemble,"['full_recipe__pca5_cw0.25__s0', 'full_recipe__pca5_cw0.25__s1', 'full_recipe__pca5_cw0.25__s2']",10.0,full,pca,0.0
ensemble__full_recipe-pca5_cw0.25_b1__ens,ensemble,full_recipe-pca5_cw0.25_b1,cnn_transformer,5,30,sharpe_costs,1.0,5.0,1.0,rolling,1000,1000,125,30,125,0.001,0.25,8,4,16,-1,cuda,True,0.25,3499,2003-02-10,2016-12-30,2.8802790964570253,0.0712378391440681,0.024732963979670015,4.936954567232085,1.7409937121252825,0.07349777692326698,1.6771426624278356,-0.04221599217239336,399,0.5770220062875108,0.7844311377245509,0.5869912699018537,7.3185760569883325,0.0019615110461411456,0.0029641206295060282,9.301809895526631,1.380749741061129e-20,0.9217431481139031,0.5,1.0987656197866817e-19,309.6073661797416,1.0,3.066904684366074,-2.3333393265073807,-0.057504615570109247,0.02464477194415784,0.0,ensemble,"['full_recipe__pca5_cw0.25__s0', 'full_recipe__pca5_cw0.25__s1', 'full_recipe__pca5_cw0.25__s2']",1.0,full,pca,0.0
ensemble__full_recipe-pca5_cw0.25_b20__ens,ensemble,full_recipe-pca5_cw0.25_b20,cnn_transformer,5,30,sharpe_costs,1.0,5.0,1.0,rolling,1000,1000,125,30,125,0.001,0.25,8,4,16,-1,cuda,True,0.25,3499,2003-02-10,2016-12-30,1.0442397194357456,0.024908845306558597,0.0238535700595818,1.579340619095746,0.5308760796454677,0.02492887885061923,0.4076075733686919,-0.04695799981658122,720,0.5267219205487282,0.6047904191616766,0.18146867548822923,3.714641947360464,0.0022118744107064593,0.0031799921914292695,3.7671988104301217,0.00016508952850614373,0.1918162500162331,0.5,-1.1174811988715985e-18,311.03099778522426,1.0,5.153089179045589,-0.4986494738595601,-0.011889105125609074,0.023842610388389838,0.0,ensemble,"['full_recipe__pca5_cw0.25__s0', 'full_recipe__pca5_cw0.25__s1', 'full_recipe__pca5_cw0.25__s2']",20.0,full,pca,0.0
ensemble__full_recipe-pca5_cw0.25_b3__ens,ensemble,full_recipe-pca5_cw0.25_b3,cnn_transformer,5,30,sharpe_costs,1.0,5.0,1.0,rolling,1000,1000,125,30,125,0.001,0.25,8,4,16,-1,cuda,True,0.25,3499,2003-02-10,2016-12-30,2.328509218384244,0.054935703498315454,0.023592650209233623,3.848175566943602,1.3945536662869518,0.05617267493119149,1.1357852465623473,-0.04028003818652115,399,0.5673049442697914,0.7425149700598802,0.5863332503809339,6.167648900763993,0.001980341964107472,0.0029350304300794577,7.68302639353705,1.5537356165619304e-14,0.5341205340369525,0.5,-5.848308603455676e-19,307.77547216919703,1.0,4.081453707805433,-1.0611649500818614,-0.024980260244387816,0.023540412112613374,0.0,ensemble,"['full_recipe__pca5_cw0.25__s0', 'full_recipe__pca5_cw0.25__s1', 'full_recipe__pca5_cw0.25__s2']",3.0,full,pca,0.0
ensemble__full_recipe-pca5_cw0.25_b5__ens,ensemble,full_recipe-pca5_cw0.25_b5,cnn_transformer,5,30,sharpe_costs,1.0,5.0,1.0,rolling,1000,1000,125,30,125,0.001,0.25,8,4,16,-1,cuda,True,0.25,3499,2003-02-10,2016-12-30,1.953272418398158,0.0462572704918317,0.023681935021519638,3.126836856714228,1.0585089478889753,0.04704595595280869,0.8933145274341254,-0.044445496702351206,399,0.5550157187767933,0.7005988023952096,0.41235013252206154,4.668569443622835,0.002092963516723484,0.003064062499763314,6.460859276716136,1.0411010170649202e-10,0.39623689582437593,0.5,-7.139187783385545e-19,310.3267115409122,1.0,4.6325972953101235,-0.6888254654264597,-0.016290320065699623,0.02364941611967569,0.0,ensemble,"['full_recipe__pca5_cw0.25__s0', 'full_recipe__pca5_cw0.25__s1', 'full_recipe__pca5_cw0.25__s2']",5.0,full,pca,0.0
ensemble__full_recipe-pca5_cw0.5_b10__ens,ensemble,full_recipe-pca5_cw0.5_b10,cnn_transformer,5,30,sharpe_costs,1.0,5.0,1.0,rolling,1000,1000,125,30,125,0.001,0.25,8,4,16,-1,cuda,True,0.5,3499,2003-02-10,2016-12-30,1.1655150852232952,0.029258957119329083,0.025103885389628832,1.7598145252816801,0.5731069919396166,0.02936517919792503,0.4946039862599567,-0.05123856384746217,409,0.5367247785081452,0.6467065868263473,0.16472217010692344,3.658768160324059,0.0024544501537624376,0.0034586263266398764,3.947722174407705,7.889828772127374e-05,0.24746764910154748,0.5,-4.766895176198057e-19,311.5938506883385,1.0,4.691804084989964,-0.5799535549255577,-0.014549065574643149,0.0250866046963203,0.0,ensemble,"['full_recipe__pca5_cw0.5__s0', 'full_recipe__pca5_cw0.5__s1', 'full_recipe__pca5_cw0.5__s2']",10.0,full,pca,0.0
ensemble__full_recipe-pca5_cw0.5_b1__ens,ensemble,full_recipe-pca5_cw0.5_b1,cnn_transformer,5,30,sharpe_costs,1.0,5.0,1.0,rolling,1000,1000,125,30,125,0.001,0.25,8,4,16,-1,cuda,True,0.5,3499,2003-02-10,2016-12-30,2.526153364375129,0.06573829646670604,0.026023082127069157,4.329577507814279,2.0980467430592182,0.06757704616714388,1.4792539854139215,-0.03220950457405347,282,0.5693055158616748,0.7245508982035929,0.9305363134161754,9.646002846396255,0.00203579838195266,0.0031180227079238435,8.223584381005889,1.9750969574105787e-16,0.8092022485913518,0.5,7.706232646388824e-19,308.3318477173149,1.0,3.223746056988528,-1.882963498706077,-0.04882805753790703,0.025931494461501982,0.0,ensemble,"['full_recipe__pca5_cw0.5__s0', 'full_recipe__pca5_cw0.5__s1', 'full_recipe__pca5_cw0.5__s2']",1.0,full,pca,0.0
ensemble__full_recipe-pca5_cw0.5_b20__ens,ensemble,full_recipe-pca5_cw0.5_b20,cnn_transformer,5,30,sharpe_costs,1.0,5.0,1.0,rolling,1000,1000,125,30,125,0.001,0.25,8,4,16,-1,cuda,True,0.5,3499,2003-02-10,2016-12-30,0.7208417009876968,0.01835997477102033,0.02547018956570285,1.048370187323673,0.28715165481565225,0.018198597635367797,0.28455754741616723,-0.06337625895644261,761,0.5301514718490997,0.5748502994011976,0.0020612479167827166,5.364945365529927,0.0023867290880333256,0.003573491040260681,2.4882540396426513,0.012837199876388632,0.17704174624536698,0.5,4.559908308172816e-19,310.3289283081559,1.0,4.115246504695542,-0.6511882960467446,-0.016576920220163733,0.025456416094698644,0.0,ensemble,"['full_recipe__pca5_cw0.5__s0', 'full_recipe__pca5_cw0.5__s1', 'full_recipe__pca5_cw0.5__s2']",20.0,full,pca,0.0
ensemble__full_recipe-pca5_cw0.5_b3__ens,ensemble,full_recipe-pca5_cw0.5_b3,cnn_transformer,5,30,sharpe_costs,1.0,5.0,1.0,rolling,1000,1000,125,30,125,0.001,0.25,8,4,16,-1,cuda,True,0.5,3499,2003-02-10,2016-12-30,1.956395034945093,0.04820396034595083,0.024639175363325175,3.2015492155151453,1.190679113380641,0.04906168912775022,0.9445567062344502,-0.04120479529404997,297,0.5518719634181195,0.6526946107784432,0.6916166836037684,7.8984337428097735,0.0021132328254301713,0.00310149043151659,6.46466077611312,1.0152630213066365e-10,0.47978606444556565,0.5,1.0074187205444047e-18,308.9740554773888,1.0,3.9868927237272582,-1.0119965438964469,-0.02486781682817154,0.024573025449695758,0.0,ensemble,"['full_recipe__pca5_cw0.5__s0', 'full_recipe__pca5_cw0.5__s1', 'full_recipe__pca5_cw0.5__s2']",3.0,full,pca,0.0
ensemble__full_recipe-pca5_cw0.5_b5__ens,ensemble,full_recipe-pca5_cw0.5_b5,cnn_transformer,5,30,sharpe_costs,1.0,5.0,1.0,rolling,1000,1000,125,30,125,0.001,0.25,8,4,16,-1,cuda,True,0.5,3499,2003-02-10,2016-12-30,1.6305603656977437,0.04007108745503787,0.02457504076390989,2.5793756016357166,0.9589226428746819,0.04056742446156014,0.7369835942876868,-0.042305210710163355,380,0.5452986567590741,0.6467065868263473,0.43741583873994033,5.264168722114746,0.002229351632126636,0.0032221630685853406,5.403351937306033,6.540694840899e-08,0.35868088425571937,0.5,-6.000760009246721e-19,310.7572832383849,1.0,4.433251360346793,-0.7232579357446686,-0.017745798047659984,0.02453591888955751,0.0,ensemble,"['full_recipe__pca5_cw0.5__s0', 'full_recipe__pca5_cw0.5__s1', 'full_recipe__pca5_cw0.5__s2']",5.0,full,pca,0.0
ensemble__full_recipe-pca8_cw0.25_b10__ens,ensemble,full_recipe-pca8_cw0.25_b10,cnn_transformer,8,30,sharpe_costs,1.0,5.0,1.0,rolling,1000,1000,125,30,125,0.001,0.25,8,4,16,-1,cuda,True,0.25,3499,2003-02-10,2016-12-30,1.5173329785412646,0.03520360481570471,0.023200975206871727,2.3504210549088294,0.9441614618391465,0.035549420260279296,0.62422342114132,-0.03765184419943601,362,0.5432980851671906,0.718562874251497,0.1891556751181941,2.3837961494826025,0.002092395541486984,0.0030254868988287224,5.221983714007722,1.7701654059549357e-07,0.2498014122256893,0.5,-6.919186770963508e-19,318.4008526898671,1.0,5.592316042655201,-0.3837340971989189,-0.008898387992425635,0.023188942701156207,0.0,ensemble,"['full_recipe__pca8_cw0.25__s0', 'full_recipe__pca8_cw0.25__s1', 'full_recipe__pca8_cw0.25__s2']",10.0,full,pca,0.0
ensemble__full_recipe-pca8_cw0.25_b1__ens,ensemble,full_recipe-pca8_cw0.25_b1,cnn_transformer,8,30,sharpe_costs,1.0,5.0,1.0,rolling,1000,1000,125,30,125,0.001,0.25,8,4,16,-1,cuda,True,0.25,3499,2003-02-10,2016-12-30,2.864220666670688,0.0671482233285562,0.023443802396205714,4.850340990304729,1.5216391187505138,0.06915082110305071,1.5304854639567167,-0.045444954885119904,399,0.5758788225207202,0.7904191616766467,0.33547200578067654,2.292287304043387,0.001965497582223528,0.002865493978338087,9.220966738455765,2.9443351002062275e-20,0.8756364984398,0.5,2.1529113159272034e-19,315.72114919630314,1.0,3.043057297857326,-2.3886643630245437,-0.0557864538404478,0.023354664097642665,0.0,ensemble,"['full_recipe__pca8_cw0.25__s0', 'full_recipe__pca8_cw0.25__s1', 'full_recipe__pca8_cw0.25__s2']",1.0,full,pca,0.0
ensemble__full_recipe-pca8_cw0.25_b20__ens,ensemble,full_recipe-pca8_cw0.25_b20,cnn_transformer,8,30,sharpe_costs,1.0,5.0,1.0,rolling,1000,1000,125,30,125,0.001,0.25,8,4,16,-1,cuda,True,0.25,3499,2003-02-10,2016-12-30,1.4123792526251324,0.03301207235270065,0.02337337672678386,2.1821695279751756,0.7526938240921579,0.033278630523941644,0.575462729020694,-0.044212705696210275,231,0.5327236353243784,0.6826347305389222,0.2252176731834479,2.2440573211323844,0.0021729189710186655,0.0030472463266955434,4.899229907813866,9.621300983466345e-07,0.1745482154257136,0.5,5.910280719630898e-19,317.81223148870697,1.0,7.505106070227581,-0.06894578417469047,-0.0016107275479716632,0.023362234069170984,0.0,ensemble,"['full_recipe__pca8_cw0.25__s0', 'full_recipe__pca8_cw0.25__s1', 'full_recipe__pca8_cw0.25__s2']",20.0,full,pca,0.0
ensemble__full_recipe-pca8_cw0.25_b3__ens,ensemble,full_recipe-pca8_cw0.25_b3,cnn_transformer,8,30,sharpe_costs,1.0,5.0,1.0,rolling,1000,1000,125,30,125,0.001,0.25,8,4,16,-1,cuda,True,0.25,3499,2003-02-10,2016-12-30,2.4103711794773313,0.05487398496082057,0.02276578206213017,3.9320074400826353,1.6198611331289674,0.05612762811519856,1.1345207698786868,-0.03464965420016031,364,0.5664475564446985,0.7365269461077845,0.22507896627922463,2.5913395163334645,0.001995740391944584,0.0028419808727777602,7.854529161727929,4.012767047454388e-15,0.5051585850212278,0.5,-8.391024530125025e-20,314.60397044216506,1.0,4.31060492747113,-0.9418838940092256,-0.021393816134045434,0.0227138570583052,0.0,ensemble,"['full_recipe__pca8_cw0.25__s0', 'full_recipe__pca8_cw0.25__s1', 'full_recipe__pca8_cw0.25__s2']",3.0,full,pca,0.0
ensemble__full_recipe-pca8_cw0.25_b5__ens,ensemble,full_recipe-pca8_cw0.25_b5,cnn_transformer,8,30,sharpe_costs,1.0,5.0,1.0,rolling,1000,1000,125,30,125,0.001,0.25,8,4,16,-1,cuda,True,0.25,3499,2003-02-10,2016-12-30,2.0101544040694557,0.04675082625907789,0.02325733096145909,3.2114203317302126,1.230992786362331,0.04757315710994803,0.9065941611480468,-0.03864617050318386,361,0.5584452700771649,0.7544910179640718,0.2763196594417925,2.626340696591317,0.002097634148344243,0.002970392624220279,6.5465297722767,5.888941371028314e-11,0.3718378175713258,0.5,-6.163746674787555e-19,316.1041711513195,1.0,4.98924915796526,-0.5479222186664721,-0.012723359056419876,0.02322110442497818,0.0,ensemble,"['full_recipe__pca8_cw0.25__s0', 'full_recipe__pca8_cw0.25__s1', 'full_recipe__pca8_cw0.25__s2']",5.0,full,pca,0.0
ensemble__full_recipe-pca8_cw0.5_b10__ens,ensemble,full_recipe-pca8_cw0.5_b10,cnn_transformer,8,30,sharpe_costs,1.0,5.0,1.0,rolling,1000,1000,125,30,125,0.001,0.25,8,4,16,-1,cuda,True,0.5,3499,2003-02-10,2016-12-30,1.127334807659297,0.025852608522802516,0.022932502702086077,1.7196616666900673,0.5877549593246228,0.025918641040137302,0.4265993668636383,-0.04409769858840473,402,0.5341526150328665,0.6047904191616766,0.24217674787251864,2.5635526207212456,0.0021330941364947915,0.0030124440088599744,3.918216555646902,8.920654622819561e-05,0.22489509828384532,0.5,2.1244041424866014e-19,318.5722649723664,1.0,4.561669735942691,-0.6593654367229406,-0.01511208561220985,0.02291913523298585,0.0,ensemble,"['full_recipe__pca8_cw0.5__s0', 'full_recipe__pca8_cw0.5__s1', 'full_recipe__pca8_cw0.5__s2']",10.0,full,pca,0.0
ensemble__full_recipe-pca8_cw0.5_b1__ens,ensemble,full_recipe-pca8_cw0.5_b1,cnn_transformer,8,30,sharpe_costs,1.0,5.0,1.0,rolling,1000,1000,125,30,125,0.001,0.25,8,4,16,-1,cuda,True,0.5,3499,2003-02-10,2016-12-30,2.6042197980514974,0.06079809217730753,0.023345991080628927,4.366814009997029,2.2953201971754194,0.06238721427561722,1.3170482793682883,-0.027180179197826004,294,0.5687339239782795,0.7245508982035929,0.3503426689057104,2.4496786698913873,0.001957216749953861,0.002828072627679846,8.368960794476932,5.812858488711364e-17,0.7666170071382005,0.5,1.0322075670144935e-18,318.5575496198449,1.0,3.1471030292624076,-2.081526403492259,-0.048404054911045595,0.02325411526360473,0.0,ensemble,"['full_recipe__pca8_cw0.5__s0', 'full_recipe__pca8_cw0.5__s1', 'full_recipe__pca8_cw0.5__s2']",1.0,full,pca,0.0
ensemble__full_recipe-pca8_cw0.5_b20__ens,ensemble,full_recipe-pca8_cw0.5_b20,cnn_transformer,8,30,sharpe_costs,1.0,5.0,1.0,rolling,1000,1000,125,30,125,0.001,0.25,8,4,16,-1,cuda,True,0.5,3499,2003-02-10,2016-12-30,1.0250738175264547,0.02369723270987992,0.023117586562753423,1.5472475761344704,0.357884489637875,0.023705634087187732,0.38445984993839066,-0.06623822706363791,423,0.5292940840240069,0.592814371257485,0.2420951640458904,2.667427527886593,0.0022282673588194576,0.003086191738416058,3.577719332054162,0.0003466053410031757,0.15529240560985264,0.5,-2.037891068305992e-18,318.02671816533115,1.0,6.055456309555199,-0.36791649642310364,-0.008500028561263641,0.02310314607771383,0.0,ensemble,"['full_recipe__pca8_cw0.5__s0', 'full_recipe__pca8_cw0.5__s1', 'full_recipe__pca8_cw0.5__s2']",20.0,full,pca,0.0
ensemble__full_recipe-pca8_cw0.5_b3__ens,ensemble,full_recipe-pca8_cw0.5_b3,cnn_transformer,8,30,sharpe_costs,1.0,5.0,1.0,rolling,1000,1000,125,30,125,0.001,0.25,8,4,16,-1,cuda,True,0.5,3499,2003-02-10,2016-12-30,2.038255049339865,0.046136427141864535,0.022635257131734747,3.2709956457539446,1.2534495144488946,0.046944771021945275,0.8907756256742765,-0.03745246256893364,294,0.555301514718491,0.6946107784431138,0.25300778317514616,2.5589847128161747,0.002034047677724928,0.002835253550098033,6.613950193902846,3.74197685894289e-11,0.4523538055077024,0.5,2.3760109341580015e-19,317.68858805285464,1.0,4.047297886248171,-1.0398032416760896,-0.02347987324964985,0.02258107333056776,0.0,ensemble,"['full_recipe__pca8_cw0.5__s0', 'full_recipe__pca8_cw0.5__s1', 'full_recipe__pca8_cw0.5__s2']",3.0,full,pca,0.0
ensemble__full_recipe-pca8_cw0.5_b5__ens,ensemble,full_recipe-pca8_cw0.5_b5,cnn_transformer,8,30,sharpe_costs,1.0,5.0,1.0,rolling,1000,1000,125,30,125,0.001,0.25,8,4,16,-1,cuda,True,0.5,3499,2003-02-10,2016-12-30,1.6031820495089317,0.03684352049322451,0.0229814951486701,2.522820478382393,0.956852768424653,0.03725407347445486,0.6617436729278896,-0.038933966336105574,306,0.5387253501000285,0.6826347305389222,0.30997744186446924,2.722931871861122,0.0021074240900247126,0.0029668135513289456,5.251732488966597,1.5067519090584694e-07,0.33422936884061183,0.5,1.3712880006672192e-18,318.3113300898502,1.0,4.374374607140132,-0.7796215401487184,-0.017893354573297916,0.02295133427160649,0.0,ensemble,"['full_recipe__pca8_cw0.5__s0', 'full_recipe__pca8_cw0.5__s1', 'full_recipe__pca8_cw0.5__s2']",5.0,full,pca,0.0
ensemble__models-cnn_transformer_b10__ens,ensemble,models-cnn_transformer_b10,cnn_transformer,5,30,sharpe,1.0,5.0,1.0,rolling,1000,1000,125,30,125,0.001,0.25,8,4,16,-1,mps,False,1.0,1483,2020-02-07,2025-12-31,0.30832141864398627,0.006526652701562481,0.021168340267332192,0.43777961341695115,0.11838496841105445,0.006322401256310783,0.037786111034044945,-0.05340543939969,346,0.5111260957518543,0.5352112676056338,-0.15362350245132156,2.977347170333559,0.002018234169078814,0.0031316157843950124,0.7614001654485208,0.44641808866393407,0.10193270301339924,0.00817431771216026,0.9836513645756795,41.084575910737684,1.0,2.540834758299922,-0.3115226799737426,-0.0065991630981069955,0.02118357192697245,0.0,ensemble,"['models__cnn_transformer__s0', 'models__cnn_transformer__s1', 'models__cnn_transformer__s2']",10.0,,,
ensemble__models-cnn_transformer_b1__ens,ensemble,models-cnn_transformer_b1,cnn_transformer,5,30,sharpe,1.0,5.0,1.0,rolling,1000,1000,125,30,125,0.001,0.25,8,4,16,-1,mps,False,1.0,1483,2020-02-07,2025-12-31,0.5156382488752123,0.015415178209590968,0.029895335040053515,0.7445771526956749,0.24284918245884163,0.01508043245516677,0.09208053857463927,-0.06209793379774964,819,0.5097774780849629,0.6056338028169014,-0.06620950377309764,4.11604277125056,0.0028544405555183784,0.0041827692206177075,1.36381451118519,0.17262595199627262,0.6649653261516627,0.07079265764000636,0.8584146847199873,35.67393308472065,1.0,0.9199177715861795,-2.3399067373622056,-0.0701828933798976,0.02999388490971025,0.0,ensemble,"['models__cnn_transformer__s0', 'models__cnn_transformer__s1', 'models__cnn_transformer__s2']",1.0,,,
ensemble__models-cnn_transformer_b3__ens,ensemble,models-cnn_transformer_b3,cnn_transformer,5,30,sharpe,1.0,5.0,1.0,rolling,1000,1000,125,30,125,0.001,0.25,8,4,16,-1,mps,False,1.0,1483,2020-02-07,2025-12-31,0.7188717751739881,0.018506216599145312,0.02574341800339325,1.050205685569979,0.3073947958387226,0.018340346505418603,0.1128826942304133,-0.05966381589309999,273,0.5232636547538773,0.5774647887323944,-0.08371040647110314,4.335965290989471,0.0023814146439943623,0.003651086457192958,1.65548079933481,0.09782700805741124,0.2861360058404036,0.0335022230817039,0.9329955538365922,38.15704012424692,1.0,2.5665196255617886,-0.7168685180332508,-0.018451828122844197,0.025739487309984422,0.0,ensemble,"['models__cnn_transformer__s0', 'models__cnn_transformer__s1', 'models__cnn_transformer__s2']",3.0,,,
ensemble__models-cnn_transformer_b5__ens,ensemble,models-cnn_transformer_b5,cnn_transformer,5,30,sharpe,1.0,5.0,1.0,rolling,1000,1000,125,30,125,0.001,0.25,8,4,16,-1,mps,False,1.0,1483,2020-02-07,2025-12-31,0.4213104952690579,0.010090570819936542,0.023950437820193602,0.5997211530199837,0.1805581439201744,0.009851736896854923,0.05938967726107558,-0.054562683703762604,343,0.5178691840863116,0.4788732394366197,-0.18256901091541797,4.670197185454166,0.0021694514934875587,0.0035297145727975275,1.0274725298976386,0.3041980140512289,0.1881395090164384,0.02043077762105363,0.9591384447578927,39.19587636531207,1.0,2.1283114805334313,-0.5927521556886899,-0.014198840944460323,0.023954094149119344,0.0,ensemble,"['models__cnn_transformer__s0', 'models__cnn_transformer__s1', 'models__cnn_transformer__s2']",5.0,,,
ensemble__neutral-cnn_transformer_neutral_b10__ens,ensemble,neutral-cnn_transformer_neutral_b10,cnn_transformer,5,30,sharpe,1.0,5.0,1.0,rolling,1000,1000,125,30,125,0.001,0.25,8,4,16,-1,mps,True,1.0,1483,2020-02-07,2025-12-31,0.24718964037668315,0.01140434891965856,0.04613603103382445,0.35242677472921274,0.1470977042786297,0.010393477667500317,0.06273855519475235,-0.07065696720740922,691,0.4996628455832771,0.5915492957746479,-0.027952098735774526,2.8286224231336705,0.004485868949700766,0.0065976809360510065,0.6244625505929092,0.5323238571666972,0.28787716448748984,0.5,1.0829730322950181e-18,30.897777446074308,1.0,1.5720369115194124,-0.8129674470858854,-0.037528677836294204,0.04616258371822546,0.0,ensemble,"['neutral__cnn_transformer_neutral__s0', 'neutral__cnn_transformer_neutral__s1', 'neutral__cnn_transformer_neutral__s2']",10.0,,,
ensemble__neutral-cnn_transformer_neutral_b1__ens,ensemble,neutral-cnn_transformer_neutral_b1,cnn_transformer,5,30,sharpe,1.0,5.0,1.0,rolling,1000,1000,125,30,125,0.001,0.25,8,4,16,-1,mps,True,1.0,1483,2020-02-07,2025-12-31,0.5420609282280775,0.024769782240581482,0.045695568432778375,0.7714229082789992,0.26583039443393736,0.024007965088796324,0.14983177838368422,-0.09031309282717348,1114,0.5252865812542145,0.5492957746478874,-0.19829015491595411,3.0027328010287793,0.004359233819619487,0.006567122598514247,1.4296306380864983,0.15282305730340523,1.074409373981807,0.5,-6.969727502440321e-19,30.35025156118654,1.0,0.914854142650458,-2.6966507396366013,-0.12319947684395718,0.04568610796834575,0.0,ensemble,"['neutral__cnn_transformer_neutral__s0', 'neutral__cnn_transformer_neutral__s1', 'neutral__cnn_transformer_neutral__s2']",1.0,,,
ensemble__neutral-cnn_transformer_neutral_b3__ens,ensemble,neutral-cnn_transformer_neutral_b3,cnn_transformer,5,30,sharpe,1.0,5.0,1.0,rolling,1000,1000,125,30,125,0.001,0.25,8,4,16,-1,mps,True,1.0,1483,2020-02-07,2025-12-31,0.73086395191706,0.03319891701143993,0.04542420914912959,1.0678394309258141,0.43554577400732514,0.032688124710722466,0.2083911414282229,-0.07505095138444096,663,0.5151719487525287,0.5211267605633803,-0.033803726401031624,2.6855397050345493,0.004368498840847531,0.006384676775077357,1.732997156092095,0.08309617426916016,0.5818191239599435,0.5,2.692422448671569e-19,30.899728377086483,1.0,2.264307389480905,-1.1616597956296204,-0.052745822472908134,0.0454055676811298,0.0,ensemble,"['neutral__cnn_transformer_neutral__s0', 'neutral__cnn_transformer_neutral__s1', 'neutral__cnn_transformer_neutral__s2']",3.0,,,
ensemble__neutral-cnn_transformer_neutral_b5__ens,ensemble,neutral-cnn_transformer_neutral_b5,cnn_transformer,5,30,sharpe,1.0,5.0,1.0,rolling,1000,1000,125,30,125,0.001,0.25,8,4,16,-1,mps,True,1.0,1483,2020-02-07,2025-12-31,0.5823387899674494,0.026770448114675608,0.04597057344603814,0.8343732916070774,0.46537074485223995,0.026045586274624055,0.16336203595944632,-0.055967390650853654,428,0.5212407282535402,0.5211267605633803,-0.19642351434577707,3.0830717093890874,0.004297026227531364,0.00652511214615333,1.4480992808635107,0.14758928666455706,0.4327119797588435,0.5,-7.598622335591207e-19,30.87467669590716,1.0,2.4550264825624426,-0.8789149638136,-0.04039945977765641,0.04596515185310272,0.0,ensemble,"['neutral__cnn_transformer_neutral__s0', 'neutral__cnn_transformer_neutral__s1', 'neutral__cnn_transformer_neutral__s2']",5.0,,,
ensemble__neutral-ou_ffn_neutral_b10__ens,ensemble,neutral-ou_ffn_neutral_b10,ou_ffn,5,30,sharpe,1.0,5.0,1.0,rolling,1000,1000,125,30,125,0.001,0.25,8,4,16,-1,cpu,True,1.0,1483,2020-02-07,2025-12-31,0.17915687127205712,0.008596591225335067,0.04798359763874637,0.261995681399762,0.07847382239491335,0.0074739012689999385,0.04479403125818093,-0.0952406935320178,730,0.5037086985839514,0.5492957746478874,0.3631562856277688,5.010313784755841,0.004707659405347679,0.006475320678153358,0.43531373024164527,0.6633347200522508,0.14112511594188434,0.5,3.4852749877151185e-19,29.720120259679426,1.0,2.4172491916634544,-0.45550057223950247,-0.021858145895406626,0.04798708767354436,0.0,ensemble,"['neutral__ou_ffn_neutral__s0', 'neutral__ou_ffn_neutral__s1', 'neutral__ou_ffn_neutral__s2']",10.0,,,
ensemble__neutral-ou_ffn_neutral_b1__ens,ensemble,neutral-ou_ffn_neutral_b1,ou_ffn,5,30,sharpe,1.0,5.0,1.0,rolling,1000,1000,125,30,125,0.001,0.25,8,4,16,-1,cpu,True,1.0,1483,2020-02-07,2025-12-31,0.006030614071266887,0.0003079173236753629,0.05105903313270333,0.008603557431727096,-0.00915955329278757,-0.0009944882379463449,-0.00583828697388189,-0.10857387976872479,1385,0.5037086985839514,0.5492957746478874,0.23872778106843456,5.61102613122889,0.004948669393827384,0.007386078025205487,0.014348712185372852,0.9885517769185028,0.4773445939625393,0.5,4.513960233381258e-19,27.538344902572376,1.0,0.025597737086026185,-1.4181728019746465,-0.07248190784140413,0.0511093625124394,0.0,ensemble,"['neutral__ou_ffn_neutral__s0', 'neutral__ou_ffn_neutral__s1', 'neutral__ou_ffn_neutral__s2']",1.0,,,
ensemble__neutral-ou_ffn_neutral_b3__ens,ensemble,neutral-ou_ffn_neutral_b3,ou_ffn,5,30,sharpe,1.0,5.0,1.0,rolling,1000,1000,125,30,125,0.001,0.25,8,4,16,-1,cpu,True,1.0,1483,2020-02-07,2025-12-31,0.1911941642502846,0.009754665181682167,0.05101968054272162,0.2756005592827786,0.08925181967646849,0.008489511586224907,0.051007498107802585,-0.09511863866752279,764,0.49561699258260283,0.5774647887323944,0.23624606598405318,4.943993924845636,0.004851969963701538,0.0072073076281467625,0.46265085024049424,0.6436146535123971,0.27555591213513214,0.5,6.282254315229825e-19,28.488312901684385,1.0,1.4047598730966895,-0.7374457046104884,-0.03762693062736537,0.05102332333366773,0.0,ensemble,"['neutral__ou_ffn_neutral__s0', 'neutral__ou_ffn_neutral__s1', 'neutral__ou_ffn_neutral__s2']",3.0,,,
ensemble__neutral-ou_ffn_neutral_b5__ens,ensemble,neutral-ou_ffn_neutral_b5,ou_ffn,5,30,sharpe,1.0,5.0,1.0,rolling,1000,1000,125,30,125,0.001,0.25,8,4,16,-1,cpu,True,1.0,1483,2020-02-07,2025-12-31,0.1987736013715774,0.009985488341991585,0.050235485361686504,0.2872892056955801,0.09305258149468139,0.008762571364408611,0.05268328962108204,-0.09416795561882885,763,0.5138233310856373,0.5352112676056338,0.32761771061912676,6.085994164370026,0.004763798298575988,0.006957020937663546,0.4897379622898901,0.6243193351040192,0.20909481561711032,0.5,-3.183724404551005e-19,28.944242831143953,1.0,1.8950710767799313,-0.577906671122513,-0.029027656034147482,0.05022896859412405,0.0,ensemble,"['neutral__ou_ffn_neutral__s0', 'neutral__ou_ffn_neutral__s1', 'neutral__ou_ffn_neutral__s2']",5.0,,,
epochs__e100__s0,epochs,e100,cnn_transformer,5,30,sharpe,1.0,5.0,1.0,rolling,1000,1000,125,100,125,0.001,0.25,8,4,16,0,mps,,,1483,2020-02-07,2025-12-31,0.6378213335803641,0.022787088098759765,0.0357264439099992,0.9215010053281388,0.4700314081629458,0.02239489775384329,0.13921351890388012,-0.04764553467048238,304,0.5111260957518543,0.5915492957746479,-0.16875436037539263,2.17340298471974,0.0035883821379658165,0.005015331879850919,1.6103293750070062,0.10732596965617844,0.9340813153813553,0.1572356141063986,0.6855287727128823,30.914107438931612,1.0,0.9680629650100496,-2.766649181250634,-0.09887509575441045,0.03573821228382668,1311.043775334001,,,,,,
epochs__e100__s1,epochs,e100,cnn_transformer,5,30,sharpe,1.0,5.0,1.0,rolling,1000,1000,125,100,125,0.001,0.25,8,4,16,1,mps,,,1483,2020-02-07,2025-12-31,0.16334328829367695,0.005859432264087726,0.03587188873994614,0.22940201238343563,0.06135772552325589,0.005229368951374491,0.031170160217631304,-0.08522755540200799,1148,0.5043830074173972,0.5070422535211268,-0.2517535824357577,3.5928218302930546,0.0033980971389466837,0.005197734063003501,0.40667564100476766,0.6842462335505453,0.8972199837305861,0.17077364300564732,0.6584527140689238,31.935223487633266,1.0,0.2591528917691092,-3.09736829074219,-0.11150251397795008,0.03599911392882243,1078.2419209169966,,,,,,
epochs__e100__s2,epochs,e100,cnn_transformer,5,30,sharpe,1.0,5.0,1.0,rolling,1000,1000,125,100,125,0.001,0.25,8,4,16,2,mps,,,1483,2020-02-07,2025-12-31,0.30350887952160704,0.011059084020091503,0.03643743154244091,0.4287816260629532,0.1049134497831369,0.010448993163392428,0.06308223104733113,-0.09959631663043389,1059,0.50708024275118,0.5352112676056338,-0.2597502922419038,4.480700016615259,0.0034698264752181236,0.005264242417792581,0.8027329839226927,0.4221290841729777,0.9113723143289729,0.15539531811017138,0.6892093638323716,30.499584956589015,1.0,0.48152937452674416,-2.9433382143421705,-0.10769731966912474,0.03659019515471988,677.0432975410004,,,,,,
epochs__e10__s0,epochs,e10,cnn_transformer,5,30,sharpe,1.0,5.0,1.0,rolling,1000,1000,125,10,125,0.001,0.25,8,4,16,0,mps,,,1483,2020-02-07,2025-12-31,-0.2848727735305983,-0.009196360309774141,0.03228234202868235,-0.3888153692133722,-0.12454029772804688,-0.009670686597487266,-0.05558368229306143,-0.07765106374327702,1188,0.5091031692515172,0.49295774647887325,-0.14573484322265073,4.026795658334884,0.003433536888018877,0.004957487479381758,-0.6947317090827069,0.48722345237248244,0.5996685886615998,0.1522865683340142,0.6954268626219409,37.302839600056494,1.0,-0.6085610282540287,-2.7262092664216704,-0.08862623732451297,0.03250896342262117,64.34636220899847,,,,,,
epochs__e10__s1,epochs,e10,cnn_transformer,5,30,sharpe,1.0,5.0,1.0,rolling,1000,1000,125,10,125,0.001,0.25,8,4,16,1,mps,,,1483,2020-02-07,2025-12-31,-0.06942598814592973,-0.0024182872346177856,0.034832593661247926,-0.09927601288785155,-0.03828886991778763,-0.0030201870290701427,-0.017642962636760684,-0.07887898064254628,1114,0.5030343897505057,0.5492957746478874,0.24723250887113543,4.511590580070184,0.0034603480494903474,0.0050438578496448,-0.1806020724324389,0.8566799290681832,0.6737890416095905,0.2752395373379418,0.4495209262495651,35.972581567392325,1.0,-0.14242407226192785,-2.6899642709349014,-0.09427945865415642,0.03504859141545008,72.80308204200264,,,,,,
epochs__e10__s2,epochs,e10,cnn_transformer,5,30,sharpe,1.0,5.0,1.0,rolling,1000,1000,125,10,125,0.001,0.25,8,4,16,2,mps,,,1483,2020-02-07,2025-12-31,0.22255521516960175,0.006890120113015225,0.030959149206027364,0.31902015638233505,0.1091324952501855,0.00643157806977479,0.038448871845027544,-0.05893366641191922,659,0.5104517869184086,0.5774647887323944,0.2870961237028334,10.983059471257373,0.002917412731633545,0.0044817444731492335,0.5482621995560634,0.5835118787452347,0.5696168363334074,0.1368649325743511,0.7262701368328237,35.88589510196672,1.0,0.48000242858368586,-2.1975984309440344,-0.0683671641709347,0.031109944022651055,72.61388174999593,,,,,,
epochs__e30__s0,epochs,e30,cnn_transformer,5,30,sharpe,1.0,5.0,1.0,rolling,1000,1000,125,30,125,0.001,0.25,8,4,16,0,mps,,,1483,2020-02-07,2025-12-31,0.6271750035771678,0.01720754936451231,0.02743659946006615,0.9072634748943079,0.3170085619194019,0.016973056807394693,0.10411806590568795,-0.053541319845203494,381,0.5313553607552259,0.6197183098591549,-0.005842016883006234,3.0012499715052545,0.002745657410513428,0.003917296603658884,1.5537467976680404,0.12024482551884959,0.6347984735502026,0.06308740688336947,0.8738251866547478,36.80483195073666,1.0,1.0756788003563438,-2.347429383481866,-0.0643978895419271,0.02743336604503425,201.14664624999568,,,,,,
epochs__e30__s1,epochs,e30,cnn_transformer,5,30,sharpe,1.0,5.0,1.0,rolling,1000,1000,125,30,125,0.001,0.25,8,4,16,1,mps,,,1483,2020-02-07,2025-12-31,0.3133756557807927,0.010427773780870474,0.03327563449333389,0.45788255495976576,0.14009394961646815,0.009923085975059198,0.05983023419631772,-0.07083165263186164,1148,0.5097774780849629,0.5915492957746479,0.27954285017107716,5.68549298253544,0.002992683435567417,0.004742436233381,0.8196252274811839,0.41242978758642723,0.7427481494146285,0.15027282924642515,0.6994543399479851,35.63198693867805,1.0,0.557120939562168,-2.5990725539961606,-0.08696722520831406,0.03346086859891582,261.07605187500303,,,,,,
epochs__e30__s2,epochs,e30,cnn_transformer,5,30,sharpe,1.0,5.0,1.0,rolling,1000,1000,125,30,125,0.001,0.25,8,4,16,2,mps,,,1483,2020-02-07,2025-12-31,0.5192854273891212,0.01731059863060866,0.03333542155735701,0.7613335814142895,0.23734078235096087,0.016895659087079462,0.10362364808097313,-0.07118734049715691,1047,0.5016857720836143,0.5492957746478874,0.09048273925494145,5.609107119370012,0.003072356512037537,0.004553546471630953,1.3503861162193038,0.1768921619439564,0.7571433410757694,0.14726777610110298,0.7054644477477393,34.480865406276735,1.0,0.9072634992888386,-2.445329979739463,-0.08182124411067637,0.0334602056935457,221.033127374998,,,,,,
factors__cnn_transformer_k0__s0,factors,cnn_transformer_k0,cnn_transformer,0,30,sharpe,1.0,5.0,1.0,rolling,1000,1000,125,30,125,0.001,0.25,8,4,16,0,mps,,,1483,2020-02-07,2025-12-31,0.8274935611652204,0.14306839966914572,0.1728936711817872,1.2865934048441003,0.7379499303787588,0.13678557719305373,1.1264926045595742,-0.1853588862361535,304,0.5448415374241402,0.5915492957746479,1.1524477038508496,18.936501305004004,0.014092801227242676,0.02379509986989366,2.5117604182854274,0.012013061429093518,0.8267037975134154,0.1766266166332376,0.6467467688285001,33.11629852973217,1.0,6.86741425921198,0.19906113049397858,0.03443800669636445,0.1730021657714145,382.4377267079981,,,,,,
factors__cnn_transformer_k0__s1,factors,cnn_transformer_k0,cnn_transformer,0,30,sharpe,1.0,5.0,1.0,rolling,1000,1000,125,30,125,0.001,0.25,8,4,16,1,mps,,,1483,2020-02-07,2025-12-31,0.7502676425149745,0.12924988650383132,0.17227170569501354,1.1577038697880955,0.6543804064511525,0.12127200039906216,0.961305095628437,-0.185323397833298,357,0.519217801753203,0.5633802816901409,0.8485515953361591,20.605614730095745,0.013612769747386299,0.023827733594789915,2.143965516817363,0.03203564987407896,0.8518510441830203,0.19740998060911288,0.605180038974846,32.77249651943342,1.0,6.020963154504368,0.09814895370676832,0.016929336261851318,0.17248616131385083,421.76107066700206,,,,,,
factors__cnn_transformer_k0__s2,factors,cnn_transformer_k0,cnn_transformer,0,30,sharpe,1.0,5.0,1.0,rolling,1000,1000,125,30,125,0.001,0.25,8,4,16,2,mps,,,1483,2020-02-07,2025-12-31,0.7631109197460485,0.12709382561650825,0.16654698855417127,1.1609068358646897,0.49250833757550433,0.11989500746944781,0.9471730850509605,-0.2434375183568689,223,0.5273095077545515,0.6338028169014085,0.5356524322477625,28.081575198103575,0.012492308723209162,0.022347258329854642,2.1137159721487007,0.034539533488587314,0.8436528070522646,0.2167198965594533,0.566560206201319,31.409598445771422,1.0,5.978058433841525,0.0919349913445389,0.01531894682504308,0.1666280335811774,407.99455858299916,,,,,,
factors__cnn_transformer_k10__s0,factors,cnn_transformer_k10,cnn_transformer,10,30,sharpe,1.0,5.0,1.0,rolling,1000,1000,125,30,125,0.001,0.25,8,4,16,0,mps,,,1483,2020-02-07,2025-12-31,-0.0820790537692103,-0.002336116365122604,0.02846178480189709,-0.11270883966947183,-0.036623222287100424,-0.002737550460529592,-0.016002929291167756,-0.07474903325188353,451,0.5111260957518543,0.5492957746478874,-0.2678414136313224,2.4747345091969457,0.0029456628354403,0.004330262238350018,-0.21516135343019074,0.8296415207446229,0.7093657802017429,0.15508652470117387,0.6898269505233591,34.534576039354995,1.0,-0.1306843844872859,-3.3396256038570598,-0.09564907822158066,0.02864065903408811,244.1069856250033,,,,,,
factors__cnn_transformer_k10__s1,factors,cnn_transformer_k10,cnn_transformer,10,30,sharpe,1.0,5.0,1.0,rolling,1000,1000,125,30,125,0.001,0.25,8,4,16,1,mps,,,1483,2020-02-07,2025-12-31,0.10771070399334792,0.002977922038379051,0.027647410405589434,0.14838183854580697,0.040501728329511426,0.002598961149372858,0.015392095949974705,-0.06416914182595845,997,0.5185434929197572,0.5774647887323944,-0.2947350101551909,3.014703330431308,0.0028404242819848203,0.004380015317221473,0.2832651014068714,0.776973627182404,0.680210915100449,0.1354740589804909,0.7290518839471191,35.87218493850609,1.0,0.17372774655054657,-3.1059623220552606,-0.08616976977038536,0.027743340335617973,243.88451379199978,,,,,,
factors__cnn_transformer_k10__s2,factors,cnn_transformer_k10,cnn_transformer,10,30,sharpe,1.0,5.0,1.0,rolling,1000,1000,125,30,125,0.001,0.25,8,4,16,2,mps,,,1483,2020-02-07,2025-12-31,-0.47062492601283024,-0.01274754479191286,0.027086420814789854,-0.6198580378604936,-0.1192431574015052,-0.013029462631331201,-0.07427796519799801,-0.10926801097239924,1377,0.4996628455832771,0.4225352112676056,-0.8252235042437065,6.6789541272825765,0.0027412679225163805,0.004209644967264995,-1.1984353966156467,0.23074755930712976,0.5917886479195049,0.11245686550673616,0.7750862698390028,36.75205484378506,1.0,-0.854789887975074,-3.309059366023423,-0.09018151026762207,0.027252913983225203,229.36905062499864,,,,,,
factors__cnn_transformer_k15__s0,factors,cnn_transformer_k15,cnn_transformer,15,30,sharpe,1.0,5.0,1.0,rolling,1000,1000,125,30,125,0.001,0.25,8,4,16,0,mps,,,1483,2020-02-07,2025-12-31,-0.25588923197735103,-0.007329456274433192,0.02864308207811546,-0.35253260912574225,-0.09621125680452258,-0.0077100001664396345,-0.04452679181006303,-0.08013615477557312,1304,0.5016857720836143,0.4647887323943662,-0.14670794746046692,2.6208795081517327,0.0031394491274599726,0.00431416501734508,-0.6885771622822329,0.4910893968568527,0.7832451616349849,0.20263131396617926,0.5947373732142095,34.483282063342116,1.0,-0.37134150800816546,-3.8667288922121177,-0.11114307187355091,0.02874343533558854,156.09432995800307,,,,,,
factors__cnn_transformer_k15__s1,factors,cnn_transformer_k15,cnn_transformer,15,30,sharpe,1.0,5.0,1.0,rolling,1000,1000,125,30,125,0.001,0.25,8,4,16,1,mps,,,1483,2020-02-07,2025-12-31,-0.0625809943115117,-0.0017278318124703729,0.027609529562117235,-0.08810897157896155,-0.029335084772424625,-0.0021067608530703774,-0.012334497445546155,-0.07181710465179092,1130,0.50236008091706,0.4507042253521127,0.01489791086681949,3.521063184210436,0.0027700341101526077,0.003989828601798737,-0.15390830115052478,0.877682038723701,0.819832403452754,0.2785923371036462,0.44281532687678127,33.9542116472853,1.0,-0.08363264756838969,-4.041938209289514,-0.11206254910455632,0.027724953550008508,115.07895091699902,,,,,,
factors__cnn_transformer_k15__s2,factors,cnn_transformer_k15,cnn_transformer,15,30,sharpe,1.0,5.0,1.0,rolling,1000,1000,125,30,125,0.001,0.25,8,4,16,2,mps,,,1483,2020-02-07,2025-12-31,0.2604637742326933,0.007327538418958006,0.028132658526293663,0.37561597669660746,0.19125919151018733,0.006955862648775124,0.04163645232481139,-0.03636877576367159,414,0.5198921105866486,0.5070422535211268,0.11497947754168285,2.0382905392953408,0.003059502049480169,0.00406677567164426,0.7144402700526471,0.47495497818963783,0.8079151898880953,0.22512142858675668,0.5497571437870659,34.88437860204059,1.0,0.3599082400293904,-3.546213372746733,-0.10015915559174769,0.028243973236773696,156.80003987500095,,,,,,
factors__cnn_transformer_k1__s0,factors,cnn_transformer_k1,cnn_transformer,1,30,sharpe,1.0,5.0,1.0,rolling,1000,1000,125,30,125,0.001,0.25,8,4,16,0,mps,,,1483,2020-02-07,2025-12-31,0.47372503663190757,0.020187391985025335,0.04261415467620995,0.680188646134956,0.18788810289106958,0.019465703936282663,0.12013973975110681,-0.10360264240662509,444,0.5131490222521915,0.6197183098591549,-0.032868038899706395,3.7704485223554194,0.004072537438174056,0.006155625363043921,1.2570217533064287,0.2087457586683582,0.7410926249832288,0.11450257189345245,0.7709948574034746,34.77910137601152,1.0,1.0809539273864455,-1.784562282811146,-0.07609774109971237,0.042642244449904436,352.7113196659993,,,,,,
factors__cnn_transformer_k1__s1,factors,cnn_transformer_k1,cnn_transformer,1,30,sharpe,1.0,5.0,1.0,rolling,1000,1000,125,30,125,0.001,0.25,8,4,16,1,mps,,,1483,2020-02-07,2025-12-31,0.33962083516641406,0.013419663527074927,0.039513663879011715,0.4783470411447784,0.11731531584710957,0.012718483586103613,0.07721099862522918,-0.1084128145951454,317,0.5124747134187457,0.5492957746478874,-0.32638524114146267,4.945464375791618,0.003770985569672878,0.005844573606268171,0.8824638061521839,0.3775260441444078,0.6683233529376515,0.13615105333391453,0.727697891478675,36.864996009060484,1.0,0.7968094008667106,-1.8737986924786028,-0.07424826569953098,0.039624462327550077,327.96460158300033,,,,,,
factors__cnn_transformer_k1__s2,factors,cnn_transformer_k1,cnn_transformer,1,30,sharpe,1.0,5.0,1.0,rolling,1000,1000,125,30,125,0.001,0.25,8,4,16,2,mps,,,1483,2020-02-07,2025-12-31,0.7235730978262733,0.027922576444256015,0.03858984880468856,1.0023732776409349,0.24106328647211728,0.027548359805016354,0.17342523686363198,-0.11427853742549365,261,0.5185434929197572,0.5915492957746479,-0.711484736405152,4.770374543329799,0.00392233279274137,0.005914314572526002,1.7331673179301408,0.08306593408617612,0.6561419682696077,0.09951948182282572,0.8009610371964304,36.57017316600046,1.0,1.6887179930131306,-1.479150784965377,-0.05728841768105877,0.03873061371657234,278.1841828329998,,,,,,
factors__cnn_transformer_k3__s0,factors,cnn_transformer_k3,cnn_transformer,3,30,sharpe,1.0,5.0,1.0,rolling,1000,1000,125,30,125,0.001,0.25,8,4,16,0,mps,,,1483,2020-02-07,2025-12-31,-0.11243481258009412,-0.0032763895127880215,0.029140347527631186,-0.150886091399688,-0.04685096271896341,-0.003694463603300946,-0.021546373892696535,-0.07885566035136293,742,0.5050573162508429,0.5211267605633803,-0.57217945572285,5.6666498372818985,0.0029296784729918143,0.004682660631152158,-0.24864999156868295,0.803631534950244,0.571477985888069,0.03966982130689786,0.9206603564345794,37.793713672894285,1.0,-0.22750737572966223,-2.6052437661505756,-0.07631870371071779,0.029294265934847193,260.20986154199636,,,,,,
factors__cnn_transformer_k3__s1,factors,cnn_transformer_k3,cnn_transformer,3,30,sharpe,1.0,5.0,1.0,rolling,1000,1000,125,30,125,0.001,0.25,8,4,16,1,mps,,,1483,2020-02-07,2025-12-31,0.05067639076142517,0.0014550235954525561,0.02871206046031437,0.07189695169333114,0.01200025211192957,0.0010434012519224822,0.006156003149901501,-0.08694827760203694,1130,0.5077545515846258,0.5211267605633803,0.062319741013772495,6.824172247675456,0.002827922470792881,0.004252527850481389,0.12675140565539916,0.8991371580855072,0.5478396999668005,0.07040180305715193,0.8591963926348671,39.466117833135705,1.0,0.10539402596978031,-2.4014653244431075,-0.0693853208986545,0.028892909754899228,178.9995609999969,,,,,,
factors__cnn_transformer_k3__s2,factors,cnn_transformer_k3,cnn_transformer,3,30,sharpe,1.0,5.0,1.0,rolling,1000,1000,125,30,125,0.001,0.25,8,4,16,2,mps,,,1483,2020-02-07,2025-12-31,0.09042223712357722,0.0025975085959827294,0.028726435870335704,0.12204217046887525,0.023009532658568296,0.0021869135404619655,0.012938751064210718,-0.09504380523120282,1221,0.5219150370869858,0.5352112676056338,-0.7396985614129782,6.03698595008359,0.002821765383222042,0.004429877870507499,0.22008818050832585,0.8258024797270034,0.5626248927099058,0.06784614112412633,0.8643077180921814,39.39463070999762,1.0,0.18320507903472613,-2.427103793400397,-0.0700401113082032,0.02885748499864371,180.79925795899908,,,,,,
factors__cnn_transformer_k5__s0,factors,cnn_transformer_k5,cnn_transformer,5,30,sharpe,1.0,5.0,1.0,rolling,1000,1000,125,30,125,0.001,0.25,8,4,16,0,mps,,,1483,2020-02-07,2025-12-31,0.6271750035771678,0.01720754936451231,0.02743659946006615,0.9072634748943079,0.3170085619194019,0.016973056807394693,0.10411806590568795,-0.053541319845203494,381,0.5313553607552259,0.6197183098591549,-0.005842016883006234,3.0012499715052545,0.002745657410513428,0.003917296603658884,1.5537467976680404,0.12024482551884959,0.6347984735502026,0.06308740688336947,0.8738251866547478,36.80483195073666,1.0,1.0756788003563438,-2.347429383481866,-0.0643978895419271,0.02743336604503425,135.59951300000102,,,,,,
factors__cnn_transformer_k5__s1,factors,cnn_transformer_k5,cnn_transformer,5,30,sharpe,1.0,5.0,1.0,rolling,1000,1000,125,30,125,0.001,0.25,8,4,16,1,mps,,,1483,2020-02-07,2025-12-31,0.3133756557807927,0.010427773780870474,0.03327563449333389,0.45788255495976576,0.14009394961646815,0.009923085975059198,0.05983023419631772,-0.07083165263186164,1148,0.5097774780849629,0.5915492957746479,0.27954285017107716,5.68549298253544,0.002992683435567417,0.004742436233381,0.8196252274811839,0.41242978758642723,0.7427481494146285,0.15027282924642515,0.6994543399479851,35.63198693867805,1.0,0.557120939562168,-2.5990725539961606,-0.08696722520831406,0.03346086859891582,137.18528649999644,,,,,,
factors__cnn_transformer_k5__s2,factors,cnn_transformer_k5,cnn_transformer,5,30,sharpe,1.0,5.0,1.0,rolling,1000,1000,125,30,125,0.001,0.25,8,4,16,2,mps,,,1483,2020-02-07,2025-12-31,0.5192854273891212,0.01731059863060866,0.03333542155735701,0.7613335814142895,0.23734078235096087,0.016895659087079462,0.10362364808097313,-0.07118734049715691,1047,0.5016857720836143,0.5492957746478874,0.09048273925494145,5.609107119370012,0.003072356512037537,0.004553546471630953,1.3503861162193038,0.1768921619439564,0.7571433410757694,0.14726777610110298,0.7054644477477393,34.480865406276735,1.0,0.9072634992888386,-2.445329979739463,-0.08182124411067637,0.0334602056935457,144.35401570899558,,,,,,
factors__cnn_transformer_k8__s0,factors,cnn_transformer_k8,cnn_transformer,8,30,sharpe,1.0,5.0,1.0,rolling,1000,1000,125,30,125,0.001,0.25,8,4,16,0,mps,,,1483,2020-02-07,2025-12-31,0.7763424509973471,0.028128741908855084,0.036232389292532974,1.1100625010460359,0.6559846070954363,0.027851418614427192,0.17546337461846417,-0.042457427069436116,246,0.5414699932569117,0.647887323943662,-0.2925940647501405,3.7959871654569834,0.0035470373599283444,0.005226014711221014,1.88931203822749,0.05885002942515794,0.8083082473314394,0.34280296411318734,0.31439407161822636,34.17024606551872,1.0,1.3809334751973195,-2.273036624545956,-0.08237301864282044,0.03623919551198373,210.68225183300092,,,,,,
factors__cnn_transformer_k8__s1,factors,cnn_transformer_k8,cnn_transformer,8,30,sharpe,1.0,5.0,1.0,rolling,1000,1000,125,30,125,0.001,0.25,8,4,16,1,mps,,,1483,2020-02-07,2025-12-31,-0.08334331708552342,-0.0030352368964117276,0.03641847964003034,-0.11332585405661283,-0.02880370243553065,-0.003691952557778877,-0.02153186128107476,-0.12817631920904338,1114,0.5158462575859744,0.4647887323943662,-0.34732228219712036,1.9997095048758684,0.003891897446200569,0.005461475977857738,-0.21719287330341222,0.8280580384113245,0.8243909034434709,0.39841449088809805,0.2031710190876044,32.75569959422726,1.0,-0.14610290832257594,-3.2008278357405633,-0.11696345616443472,0.03654162678117717,225.558620374999,,,,,,
factors__cnn_transformer_k8__s2,factors,cnn_transformer_k8,cnn_transformer,8,30,sharpe,1.0,5.0,1.0,rolling,1000,1000,125,30,125,0.001,0.25,8,4,16,2,mps,,,1483,2020-02-07,2025-12-31,0.5962819463541628,0.021301922512107403,0.03572458069937118,0.8593942782762628,0.3629753921493551,0.020877878091010382,0.12930190163690325,-0.05751871488417504,564,0.523937963587323,0.5774647887323944,-0.07800918689617625,3.6597002903576534,0.003321666241066141,0.00511462662622653,1.5135566902774726,0.13013831268142345,0.7244723649034338,0.4066451186322564,0.1867097641937922,34.75824894022824,1.0,1.1668000414532869,-2.2383996162818813,-0.08025246208426816,0.035852607148661154,245.1035623340067,,,,,,
factors__fourier_ffn_k0__s0,factors,fourier_ffn_k0,fourier_ffn,0,30,sharpe,1.0,5.0,1.0,rolling,1000,1000,125,30,125,0.001,0.25,8,4,16,0,cpu,,,1483,2020-02-07,2025-12-31,0.7058248291664823,0.14269315032190047,0.202165104464246,1.0284175516038856,0.425594739095856,0.12999388192665107,1.052809220222946,-0.30544052824246204,312,0.5320296695886716,0.676056338028169,0.018582667130191695,15.871052697487464,0.016469607536289836,0.02901112542514261,1.9791145333765288,0.04780311253481172,0.2895484155850462,0.16547829095547398,0.6690434192967286,32.70623684961195,1.0,19.556061422868492,0.5044194975014549,0.10197963498756546,0.2021722702883255,19.656731167000544,,,,,,
factors__fourier_ffn_k0__s1,factors,fourier_ffn_k0,fourier_ffn,0,30,sharpe,1.0,5.0,1.0,rolling,1000,1000,125,30,125,0.001,0.25,8,4,16,1,cpu,,,1483,2020-02-07,2025-12-31,0.8559374553637,0.1655289818101638,0.19338910895052275,1.2580707959523745,0.525404830522513,0.1581005371490567,1.372147548442399,-0.3009118454275085,217,0.5300067430883345,0.6619718309859155,0.08351618765176047,19.189266970848507,0.015364216519190491,0.027731406171803807,2.4203781443799475,0.01550437474124778,0.3725163167088634,0.18569396677235686,0.6286120653313635,31.761749842077773,1.0,17.633081007900785,0.5885586489177344,0.11385912510287706,0.19345417030612982,22.796879499997885,,,,,,
factors__fourier_ffn_k0__s2,factors,fourier_ffn_k0,fourier_ffn,0,30,sharpe,1.0,5.0,1.0,rolling,1000,1000,125,30,125,0.001,0.25,8,4,16,2,cpu,,,1483,2020-02-07,2025-12-31,0.1098195402513392,0.02134049093450046,0.19432325873573505,0.1594083605992299,0.008464825459424,0.0024684303834514587,0.014614378354307123,-0.29161031084265576,887,0.5030343897505057,0.5352112676056338,0.2192967044971552,18.31199729840359,0.01638740215912096,0.026828102736551507,0.3055091745652831,0.7599783834865586,0.2895200191746199,0.4365946248928621,0.1268107555176296,37.70931438399461,1.0,2.924995932120433,-0.13480602514405685,-0.026201580476291748,0.19436505488751066,26.02014424999652,,,,,,
factors__fourier_ffn_k10__s0,factors,fourier_ffn_k10,fourier_ffn,10,30,sharpe,1.0,5.0,1.0,rolling,1000,1000,125,30,125,0.001,0.25,8,4,16,0,cpu,,,1483,2020-02-07,2025-12-31,-0.6681973217941332,-0.013821487629217146,0.02068473963964113,-0.8685782159823691,-0.12473488657260291,-0.01393791872541128,-0.07928112838623369,-0.11174034072094663,1182,0.4915711395819285,0.4788732394366197,-0.7665286546326605,7.505126555636959,0.002018165568990271,0.0034584374702606255,-1.6068661660304735,0.1080837298246779,0.19706616563413248,0.3067199005389644,0.38656019928363594,43.340586119595244,1.0,-2.7831856856464037,-2.2346906636077914,-0.04644938558650609,0.02078559969974367,7.1690031249963795,,,,,,
factors__fourier_ffn_k10__s1,factors,fourier_ffn_k10,fourier_ffn,10,30,sharpe,1.0,5.0,1.0,rolling,1000,1000,125,30,125,0.001,0.25,8,4,16,1,cpu,,,1483,2020-02-07,2025-12-31,0.17120474860487614,0.002538887074100472,0.014829536533241702,0.24037043161875146,0.04527159894585319,0.002431856127001586,0.014396553353987818,-0.05371703636777203,1154,0.5171948752528658,0.5070422535211268,-0.21413198855284152,3.78043841880147,0.0014761404552474436,0.0021798874024271243,0.41368733108336436,0.6791031064225158,0.15139338834453453,0.09012840223035805,0.819743196475439,43.630203340891,1.0,0.6654814200881595,-1.2643550745303547,-0.01888001568652903,0.014932526524277229,7.132886416002293,,,,,,
factors__fourier_ffn_k10__s2,factors,fourier_ffn_k10,fourier_ffn,10,30,sharpe,1.0,5.0,1.0,rolling,1000,1000,125,30,125,0.001,0.25,8,4,16,2,cpu,,,1483,2020-02-07,2025-12-31,-0.41393679743664524,-0.00987064277742122,0.023845772684492887,-0.5618396027451102,-0.1066359753184384,-0.010103876940976253,-0.05801218866723379,-0.09475110918996954,1182,0.4935940660822657,0.49295774647887325,-0.334711139876965,8.054722329526042,0.002271153497994538,0.0038671782754672555,-0.9853506931289046,0.3244518402426604,0.2610165194938846,0.45375261268371875,0.09249477065196571,41.91868344503172,1.0,-1.5006413175177147,-2.262724289869621,-0.05425607626087097,0.02397820914540022,7.18302095800027,,,,,,
factors__fourier_ffn_k15__s0,factors,fourier_ffn_k15,fourier_ffn,15,30,sharpe,1.0,5.0,1.0,rolling,1000,1000,125,30,125,0.001,0.25,8,4,16,0,cpu,,,1483,2020-02-07,2025-12-31,-0.6039401231518519,-0.012523593210147035,0.02073648153195836,-0.7769282631342834,-0.15128313186817974,-0.012658447937334838,-0.07222818689192301,-0.08367388869477366,1130,0.5030343897505057,0.5211267605633803,-1.6942232054421211,24.7977681221176,0.002000217124077433,0.003444610033480093,-1.5834803124478234,0.11331203048109242,0.18039315986655344,0.3958020917468814,0.20839580916695716,42.90228717752465,1.0,-2.7549159008982285,-2.1672156695954055,-0.04529698025057215,0.02090100255644081,7.385863415998756,,,,,,
factors__fourier_ffn_k15__s1,factors,fourier_ffn_k15,fourier_ffn,15,30,sharpe,1.0,5.0,1.0,rolling,1000,1000,125,30,125,0.001,0.25,8,4,16,1,cpu,,,1483,2020-02-07,2025-12-31,0.305075910944888,0.00468470960903301,0.015355881736199433,0.43131818543327316,0.10997169167631414,0.004577193473895846,0.027239349946721614,-0.04162156100470071,831,0.523937963587323,0.5915492957746479,-0.24339472365486506,4.811446101642438,0.001497785195031182,0.0022140347706600316,0.7842791196357944,0.43287634870658753,0.16105460042235645,0.09621151428360704,0.8075769714713962,42.95620831373538,1.0,1.1542742304418019,-1.173797644309464,-0.01810397945040479,0.015423424589555403,8.31690024999989,,,,,,
factors__fourier_ffn_k15__s2,factors,fourier_ffn_k15,fourier_ffn,15,30,sharpe,1.0,5.0,1.0,rolling,1000,1000,125,30,125,0.001,0.25,8,4,16,2,cpu,,,1483,2020-02-07,2025-12-31,-0.08111150286003367,-0.0014823924684792228,0.018275983260194858,-0.11536390312652348,-0.0291786369114164,-0.0016480407130532448,-0.009659632539564256,-0.0564810727127707,1250,0.48887390424814564,0.5352112676056338,0.04353975485249896,8.102070513724874,0.0017360736916900417,0.0027244358309852783,-0.1995870984594476,0.8418035187081057,0.19664107529056335,0.6027623684846051,-0.20552473499334667,43.66108360433733,1.0,-0.2991495946032781,-2.262667120040339,-0.041517035348853,0.018348715540672567,8.034628666995559,,,,,,
factors__fourier_ffn_k1__s0,factors,fourier_ffn_k1,fourier_ffn,1,30,sharpe,1.0,5.0,1.0,rolling,1000,1000,125,30,125,0.001,0.25,8,4,16,0,cpu,,,1483,2020-02-07,2025-12-31,0.30524185067164405,0.012278846484189672,0.04022661524680087,0.4462551961612157,0.15982913502934348,0.01153591401867593,0.06982956353679226,-0.072176540382065,429,0.5138233310856373,0.5774647887323944,0.2677542352730945,4.256373137470095,0.0038617134173750496,0.005949921282802069,0.7794635979823938,0.4357066728391147,0.2501586074359385,0.18643338453279315,0.6271332280911365,39.177901155093075,1.0,1.9477875171233023,-0.5962284415162445,-0.024002968054745274,0.040258005796745114,7.238185541005805,,,,,,
factors__fourier_ffn_k1__s1,factors,fourier_ffn_k1,fourier_ffn,1,30,sharpe,1.0,5.0,1.0,rolling,1000,1000,125,30,125,0.001,0.25,8,4,16,1,cpu,,,1483,2020-02-07,2025-12-31,0.40983207437555763,0.012797256404417708,0.0312256097181176,0.5680009151555627,0.16566115769636935,0.01238519540343419,0.07512639503238616,-0.07476221689899265,675,0.5178691840863116,0.5633802816901409,-0.5145548310508229,4.142094729028058,0.0031782154377319326,0.004821445074385596,0.9718368902717862,0.33113170016378113,0.21555954680623376,0.08925910984086288,0.821481779438516,40.89405132347524,1.0,2.3558577786045656,-0.532863952167295,-0.016679224404011535,0.03130109352710544,7.209211082998081,,,,,,
factors__fourier_ffn_k1__s2,factors,fourier_ffn_k1,fourier_ffn,1,30,sharpe,1.0,5.0,1.0,rolling,1000,1000,125,30,125,0.001,0.25,8,4,16,2,cpu,,,1483,2020-02-07,2025-12-31,0.6223445029526733,0.023049839858448554,0.03703710685816309,0.9230917317363089,0.3664507363522613,0.022615225773143788,0.14065904319354883,-0.061714232036374606,429,0.5246122724207687,0.5492957746478874,0.24930904387090905,2.587030725750786,0.0038234767097981054,0.0051636206112121285,1.485706584257389,0.13735674829844802,0.22891176472120878,0.30224584898254503,0.3955083019995721,39.40129450912798,1.0,3.9957587412471005,-0.36393793263415186,-0.013475151794710172,0.03702596125987244,7.2211151250012335,,,,,,
factors__fourier_ffn_k3__s0,factors,fourier_ffn_k3,fourier_ffn,3,30,sharpe,1.0,5.0,1.0,rolling,1000,1000,125,30,125,0.001,0.25,8,4,16,0,cpu,,,1483,2020-02-07,2025-12-31,0.2895949942479793,0.006946412892151235,0.023986646972920543,0.4210887191172524,0.13734358275464753,0.006680942210486762,0.0399639613916436,-0.048644007069640005,954,0.5158462575859744,0.5633802816901409,0.2532134695299231,6.4021992999036765,0.002243134266359112,0.003559881349218179,0.7201620285905769,0.4714252399661424,0.14153830801370781,0.20999820599437133,0.5800035890388249,43.59342494823835,1.0,1.9475385082136216,-0.6764759467051195,-0.016252306114775458,0.024024957862781113,7.229746167002304,,,,,,
factors__fourier_ffn_k3__s1,factors,fourier_ffn_k3,fourier_ffn,3,30,sharpe,1.0,5.0,1.0,rolling,1000,1000,125,30,125,0.001,0.25,8,4,16,1,cpu,,,1483,2020-02-07,2025-12-31,0.4730584795200175,0.008430240774289405,0.01782071591411497,0.6685427387111055,0.20406582332727027,0.008305599188951795,0.049880060274034355,-0.040700588925327796,343,0.5306810519217802,0.6619718309859155,-0.19622534000618067,3.4145183850999636,0.0017102726103604426,0.0026810233031774908,1.1135579343026785,0.2654688812434224,0.10414742587174049,0.08453603575912787,0.830927927186062,45.86801173165091,1.0,3.2121136097121354,-0.3860779292365868,-0.00689875723544025,0.017868820548953796,7.229318707999482,,,,,,
factors__fourier_ffn_k3__s2,factors,fourier_ffn_k3,fourier_ffn,3,30,sharpe,1.0,5.0,1.0,rolling,1000,1000,125,30,125,0.001,0.25,8,4,16,2,cpu,,,1483,2020-02-07,2025-12-31,-0.2631167087901053,-0.005764795023227363,0.021909650093054647,-0.3685800953371598,-0.08088567641748134,-0.005986869152765917,-0.03472103651563985,-0.07401643180759765,1258,0.49763991908294,0.4647887323943662,0.12580722394477714,4.6162868406304485,0.0022490426432219307,0.0033176631642137947,-0.6582425941668762,0.5103822589021152,0.13007946820656596,0.3793032193058989,0.24139355771131873,44.393492972086165,1.0,-1.758630400515275,-1.4483350580567251,-0.03178716012829264,0.02194738016695007,7.225920416996814,,,,,,
factors__fourier_ffn_k5__s0,factors,fourier_ffn_k5,fourier_ffn,5,30,sharpe,1.0,5.0,1.0,rolling,1000,1000,125,30,125,0.001,0.25,8,4,16,0,cpu,,,1483,2020-02-07,2025-12-31,-0.24709879949821356,-0.005609418540908616,0.02270111612156647,-0.34129821057693993,-0.09171720913466819,-0.005850004171359613,-0.03393861690305411,-0.06378305910693449,1258,0.5077545515846258,0.5070422535211268,-0.06199094279575164,14.070997650271345,0.002134299168090779,0.0034796044049396437,-0.6649117576643496,0.5061069350055645,0.18360292684739948,0.2769820279739139,0.44603595109528843,43.34350943013809,1.0,-1.212377044678538,-1.5698280197486807,-0.03579269790569561,0.02280039434601619,7.645903790995362,,,,,,
factors__fourier_ffn_k5__s1,factors,fourier_ffn_k5,fourier_ffn,5,30,sharpe,1.0,5.0,1.0,rolling,1000,1000,125,30,125,0.001,0.25,8,4,16,1,cpu,,,1483,2020-02-07,2025-12-31,0.49595679244126567,0.007765860808447028,0.015658341466039526,0.7115802926101351,0.23727588827532417,0.007672437112333119,0.04600626243894279,-0.03233551107152688,373,0.5266351989211059,0.6056338028169014,-0.03605372916907324,2.369692422914473,0.0015643707385250088,0.0022226696735310244,1.2083786656787419,0.2269016421822616,0.1389742986497571,0.08515207500348697,0.8296958499244154,45.16399795146113,1.0,2.217453750041411,-0.7629307837776262,-0.011963888370893077,0.01568148595558602,7.551978832998429,,,,,,
factors__fourier_ffn_k5__s2,factors,fourier_ffn_k5,fourier_ffn,5,30,sharpe,1.0,5.0,1.0,rolling,1000,1000,125,30,125,0.001,0.25,8,4,16,2,cpu,,,1483,2020-02-07,2025-12-31,-0.42261951220630234,-0.010670290766551049,0.025247984199419385,-0.578873822816438,-0.12276724927106603,-0.010929162626111988,-0.06262447522905179,-0.08902343818081937,1257,0.48954821308159135,0.4647887323943662,-0.13481530226935712,9.765532038852946,0.002309139775838337,0.0039540762098146005,-1.025108592097325,0.30531195183434134,0.2044788212344687,0.3697651469437516,0.26046970757385407,42.145249698892634,1.0,-2.0707486194004074,-1.8056934737629584,-0.04582029374083948,0.025375455140430173,7.577673959000094,,,,,,
factors__fourier_ffn_k8__s0,factors,fourier_ffn_k8,fourier_ffn,8,30,sharpe,1.0,5.0,1.0,rolling,1000,1000,125,30,125,0.001,0.25,8,4,16,0,cpu,,,1483,2020-02-07,2025-12-31,-0.10998530960290175,-0.0022943239466716534,0.02086027629467274,-0.1539056445773991,-0.06452231733819644,-0.002508784747505488,-0.014673824523922963,-0.03888243403217506,1206,0.4949426837491571,0.4788732394366197,-0.11581718988885042,2.603929563622991,0.0021365925824649544,0.0031365172138004198,-0.26816070158898914,0.7885756230640165,0.20494630980630704,0.4908051032221405,0.018389793854030455,40.975831244315685,1.0,-0.4442363521667914,-1.9403655287802304,-0.04055339765658925,0.020899875335387088,7.166984124996816,,,,,,
factors__fourier_ffn_k8__s1,factors,fourier_ffn_k8,fourier_ffn,8,30,sharpe,1.0,5.0,1.0,rolling,1000,1000,125,30,125,0.001,0.25,8,4,16,1,cpu,,,1483,2020-02-07,2025-12-31,0.35980082871472713,0.007535835868202509,0.020944465011717348,0.5324288157357716,0.17593710242533322,0.007343274278985179,0.04399707795438257,-0.04173806535265423,1115,0.4983142279163857,0.5070422535211268,0.22635520698102296,1.8114289257268963,0.002043014884680079,0.002801888463952995,0.9017673936715144,0.36718044406136985,0.24177563747747316,0.23598258997292298,0.5280348202076922,40.747581178729185,1.0,1.2368537583068697,-1.37602786361143,-0.02893907666967875,0.02103087984986525,7.17473145799886,,,,,,
factors__fourier_ffn_k8__s2,factors,fourier_ffn_k8,fourier_ffn,8,30,sharpe,1.0,5.0,1.0,rolling,1000,1000,125,30,125,0.001,0.25,8,4,16,2,cpu,,,1483,2020-02-07,2025-12-31,-0.07422546382360352,-0.0019928201163072153,0.02684820024894884,-0.10638211246117109,-0.032775965438117886,-0.002350423755950626,-0.013752891241705312,-0.07171180847100611,1071,0.4989885367498314,0.4507042253521127,0.15940999014726756,13.377868527011724,0.0026015113329743225,0.003846972120083166,-0.16331872404655262,0.8702674921719953,0.3088513479077258,0.6601195049614359,-0.32023902297124673,39.794854287349516,1.0,-0.2560460360016006,-2.133432687131591,-0.05760182347584787,0.02699959732654784,7.161724249999679,,,,,,
factors__ou_threshold_k0__s0,factors,ou_threshold_k0,ou_threshold,0,30,sharpe,1.0,5.0,1.0,rolling,1000,1000,125,30,125,0.001,0.25,8,4,16,0,cpu,,,1483,2020-02-07,2025-12-31,-0.35263259029957317,-0.05403802477008867,0.15324172029641833,-0.4639290509462274,-0.16065097113174634,-0.06373801715071581,-0.32130303839041285,-0.3967484086880848,1481,0.4989885367498314,0.4507042253521127,-0.8159628536875381,11.19265391976825,0.015137354777132418,0.024903878035320882,-0.9698967015148787,0.33209798438457816,1.0702736495155716,0.4604586600709562,0.07833613461073154,9.019741320626276,0.9905596763317599,-2.003568025126743,-1.3061553074748005,-0.2003805508472357,0.15341249980037433,0.0441683750032098,,,,,,
factors__ou_threshold_k10__s0,factors,ou_threshold_k10,ou_threshold,10,30,sharpe,1.0,5.0,1.0,rolling,1000,1000,125,30,125,0.001,0.25,8,4,16,0,cpu,,,1483,2020-02-07,2025-12-31,-0.12711560301971844,-0.009885358773821578,0.07776668275953613,-0.18070164328871655,-0.06210755301891498,-0.012824445281568675,-0.07314575259704348,-0.20648769204710038,647,0.49291975724882,0.5070422535211268,0.25204342831778875,4.146522437786342,0.007793267336725346,0.01122877500096613,-0.30276596390920696,0.7620682235512946,1.0588524517843276,0.4846470156777524,0.03068528443183034,8.882591093117409,0.9993256911665542,-0.37047290314837683,-2.001187578948955,-0.15550063681606957,0.07770417848472765,0.024994833001983352,,,,,,
factors__ou_threshold_k15__s0,factors,ou_threshold_k15,ou_threshold,15,30,sharpe,1.0,5.0,1.0,rolling,1000,1000,125,30,125,0.001,0.25,8,4,16,0,cpu,,,1483,2020-02-07,2025-12-31,-0.34427308622101893,-0.02643037032797241,0.07677152640100496,-0.46192118788867803,-0.1527547074651454,-0.028959402439536874,-0.15881205973349966,-0.18958108015194652,1469,0.4983142279163857,0.39436619718309857,-0.7572003979289779,11.312975064881195,0.007510821558541111,0.011658012741618524,-0.90399684703702,0.36599707326253916,1.0486501441883895,0.4841106348393697,0.031735893627798245,8.87711006076975,0.9986513823331086,-1.0001659992863776,-2.2223655983091066,-0.1707392904595881,0.07682772384053083,0.02210358299635118,,,,,,
factors__ou_threshold_k1__s0,factors,ou_threshold_k1,ou_threshold,1,30,sharpe,1.0,5.0,1.0,rolling,1000,1000,125,30,125,0.001,0.25,8,4,16,0,cpu,,,1483,2020-02-07,2025-12-31,-0.3456084726953985,-0.03580834146551748,0.10360955906621278,-0.4787073991839156,-0.10687542215615163,-0.0403449299871641,-0.21521779223633142,-0.3774949298279042,1426,0.4868509777478085,0.4225352112676056,-0.029043397129856728,4.01872519759258,0.010562351834771885,0.015440005367016972,-0.8672515464115756,0.38580419877449734,1.0505497909820916,0.49175200402213814,0.01648489089176531,8.879217273954117,0.9993256911665542,-1.3525926551686414,-1.7415840998535743,-0.18055711463720936,0.10367407158367484,0.022305250000499655,,,,,,
factors__ou_threshold_k3__s0,factors,ou_threshold_k3,ou_threshold,3,30,sharpe,1.0,5.0,1.0,rolling,1000,1000,125,30,125,0.001,0.25,8,4,16,0,cpu,,,1483,2020-02-07,2025-12-31,-0.18096376805411885,-0.01554878825829013,0.08592210709074163,-0.2578491420168597,-0.06564566556389662,-0.01905441156285681,-0.10704205062848238,-0.2902615336317991,1221,0.49561699258260283,0.4647887323943662,0.23175903516107432,3.4024976887082428,0.008261424706296884,0.012115095776240143,-0.4544081667631484,0.6495350754061386,1.045626735191556,0.4988484920648731,0.002303037533708625,8.818610923803101,1.0,-0.5900914602780978,-1.8615249995171061,-0.1598648623121278,0.08587843964147565,0.02233404099388281,,,,,,
factors__ou_threshold_k5__s0,factors,ou_threshold_k5,ou_threshold,5,30,sharpe,1.0,5.0,1.0,rolling,1000,1000,125,30,125,0.001,0.25,8,4,16,0,cpu,,,1483,2020-02-07,2025-12-31,-0.2602088986919144,-0.022410570082469966,0.08612530238254432,-0.3587232473059516,-0.110308134539467,-0.025785773569791615,-0.1425033336041126,-0.23376130579531973,1292,0.4935940660822657,0.5070422535211268,-0.1881674538958208,6.567332688944429,0.007768524678732416,0.01280745699258398,-0.6472292398589734,0.5174835898399084,1.0572976421931817,0.4978855477968785,0.00422892631587352,8.821308159136885,1.0,-0.841114461166521,-1.9496139759596618,-0.16817192063250072,0.0862590865197923,0.022704832997987978,,,,,,
factors__ou_threshold_k8__s0,factors,ou_threshold_k8,ou_threshold,8,30,sharpe,1.0,5.0,1.0,rolling,1000,1000,125,30,125,0.001,0.25,8,4,16,0,cpu,,,1483,2020-02-07,2025-12-31,-0.01650319933386479,-0.0012414782676837023,0.07522652078352905,-0.022680728117138192,-0.016834493169306363,-0.004065711475860989,-0.023690039487742176,-0.2415107740382605,677,0.5016857720836143,0.5352112676056338,-0.31277464959292767,2.717626037954327,0.006976698832265164,0.011304068693445713,-0.041987662708299824,0.9665085331772423,1.0440233466535926,0.48844193212279924,0.023053807506007433,8.86342123056119,0.9973027646662171,-0.04718765224961515,-1.9267398945933052,-0.14506021672424546,0.07528790841529998,0.023048041999572888,,,,,,
final__cnn_neutral_cw0.25__s0,final,cnn_neutral_cw0.25,cnn_transformer,5,30,sharpe_costs,1.0,5.0,1.0,rolling,1000,1000,125,30,125,0.001,0.25,8,4,16,0,mps,True,0.25,1483,2020-02-07,2025-12-31,0.3954645455868513,0.017700487562937933,0.044758721762708766,0.5600373556961851,0.2856820373177786,0.01683824103974252,0.10325697946453372,-0.05894049621682196,719,0.5212407282535402,0.5070422535211268,-0.140753276984745,2.275295512485771,0.004428562452758754,0.0064544204139764276,0.974515468853017,0.3298006623261486,0.840532599374473,0.5000000008671892,-1.6617240838758686e-09,32.2292488810808,1.0,0.8356609852364002,-2.2512768023649294,-0.10082016879957126,0.04478355069161702,203.91517737499817,,,,,,
final__cnn_neutral_cw0.25__s1,final,cnn_neutral_cw0.25,cnn_transformer,5,30,sharpe_costs,1.0,5.0,1.0,rolling,1000,1000,125,30,125,0.001,0.25,8,4,16,1,mps,True,0.25,1483,2020-02-07,2025-12-31,0.40050161324016254,0.018640696799567338,0.046543375065980976,0.5829748615951795,0.24231258925168828,0.01771225346696914,0.108849335878757,-0.073096711655256,502,0.5131490222521915,0.5774647887323944,0.10574081111781701,3.21432590296347,0.0043123996990636244,0.006487695863845243,1.0170510070322625,0.3091291652190187,0.8620813883574258,0.5000000012448997,4.2454716688308466e-10,30.758232407313454,1.0,0.8580514559865798,-2.198752676224202,-0.10259327613268451,0.046659761801342015,222.18177991599805,,,,,,
final__cnn_neutral_cw0.25__s2,final,cnn_neutral_cw0.25,cnn_transformer,5,30,sharpe_costs,1.0,5.0,1.0,rolling,1000,1000,125,30,125,0.001,0.25,8,4,16,2,mps,True,0.25,1483,2020-02-07,2025-12-31,0.4911706436160688,0.02230921369022182,0.045420494852823824,0.7074480977864921,0.32091579591380326,0.02150478631712449,0.13338916164672643,-0.06701068190143122,485,0.5050573162508429,0.49295774647887325,-0.02292696711125717,4.682740440848996,0.004293812846194842,0.006532171421460828,1.267179990834531,0.20509093866113315,0.8640746987366567,0.5000000003916618,-1.5774113511607113e-09,30.696154662295463,1.0,1.02454829292287,-2.1820343816111674,-0.09917574696856545,0.04545104687825139,246.34962416599592,,,,,,
final__cnn_neutral_cw0.5__s0,final,cnn_neutral_cw0.5,cnn_transformer,5,30,sharpe_costs,1.0,5.0,1.0,rolling,1000,1000,125,30,125,0.001,0.25,8,4,16,0,mps,True,0.5,1483,2020-02-07,2025-12-31,0.22241783111934157,0.009464267215749077,0.04255174671976225,0.31404082160141567,0.13245902246552047,0.00859540835709427,0.051657132697828345,-0.06489107496872615,545,0.5091031692515172,0.5633802816901409,-0.08456124085150546,2.2726320590382025,0.004226435867364913,0.006105793265717047,0.5557163810733396,0.5784047564105737,0.5720533479050762,0.4999999978487008,2.600112270541233e-09,35.70540457055275,1.0,0.6565229636894664,-1.765548577107134,-0.07525081415521002,0.04262177497178193,234.13994975000242,,,,,,
final__cnn_neutral_cw0.5__s1,final,cnn_neutral_cw0.5,cnn_transformer,5,30,sharpe_costs,1.0,5.0,1.0,rolling,1000,1000,125,30,125,0.001,0.25,8,4,16,1,mps,True,0.5,1483,2020-02-07,2025-12-31,0.14048956284263153,0.006493788722864192,0.0462225704989784,0.19953097839239325,0.05499450117821678,0.005440210486292063,0.03244361766459569,-0.0989228080942558,546,0.4996628455832771,0.5211267605633803,-0.0022673473830344282,2.849435208316942,0.004886100016461597,0.006596780903666903,0.3611751407837825,0.7179685244237354,0.4801904240601662,0.5000000007869709,-1.2999771754305266e-10,35.82791595823903,1.0,0.5366413317996513,-1.439590791866128,-0.06665436925867528,0.04630091386752471,244.66522079199785,,,,,,
final__cnn_neutral_cw0.5__s2,final,cnn_neutral_cw0.5,cnn_transformer,5,30,sharpe_costs,1.0,5.0,1.0,rolling,1000,1000,125,30,125,0.001,0.25,8,4,16,2,mps,True,0.5,1483,2020-02-07,2025-12-31,0.366247874095185,0.01620615293664482,0.04424913858321254,0.5257429288440468,0.29273553035608696,0.015343291144557236,0.09374583614983734,-0.05241349120106287,333,0.5171948752528658,0.5352112676056338,0.017708798261558824,3.231193606232214,0.004309721392815846,0.006241081463634889,0.9493798783896341,0.3424274404511254,0.5183485858432186,0.4999999992852727,4.926192499549629e-10,37.367429125640825,1.0,1.2406734089253009,-1.3943874972686225,-0.06174669136887288,0.04428230423022623,248.54659833299957,,,,,,
final__cnn_neutral_cw0.5_k10__s0,final,cnn_neutral_cw0.5_k10,cnn_transformer,10,30,sharpe_costs,1.0,5.0,1.0,rolling,1000,1000,125,30,125,0.001,0.25,8,4,16,0,mps,True,0.5,1483,2020-02-07,2025-12-31,-0.007660819898990345,-0.00029512673684596754,0.03852417113798272,-0.010758975120337381,-0.011884854289181032,-0.0010367647956516235,-0.006085849262389198,-0.08723411919281221,1457,0.5010114632501685,0.49295774647887325,-0.08822366909711847,2.623198820561406,0.0038013072098519473,0.005551587798539976,-0.01881591770290448,0.9849879555803376,0.41264624615150863,0.5000000001615447,-3.6484904316287247e-10,40.56621779364388,1.0,-0.02838115832990896,-1.6842764445119063,-0.06493845703805615,0.0385556998375495,145.3635694580007,,,,,,
final__cnn_neutral_cw0.5_k10__s1,final,cnn_neutral_cw0.5_k10,cnn_transformer,10,30,sharpe_costs,1.0,5.0,1.0,rolling,1000,1000,125,30,125,0.001,0.25,8,4,16,1,mps,True,0.5,1483,2020-02-07,2025-12-31,0.051872007482140034,0.0020163758899276294,0.038872139093939724,0.07208423896836454,0.012540200006682479,0.001261397936158204,0.007446134461692511,-0.10058834272866657,1159,0.50236008091706,0.4647887323943662,-0.19735790578896079,2.3482300180714244,0.003935284058985706,0.005589342825478717,0.12320287297943834,0.9019464505946292,0.37318694932969804,0.5000000000950298,-9.779330281807573e-10,40.16665853473931,1.0,0.21440973863284524,-1.481798542266698,-0.05765843558605066,0.038911116417924746,136.33702637500392,,,,,,
final__cnn_neutral_cw0.5_k10__s2,final,cnn_neutral_cw0.5_k10,cnn_transformer,10,30,sharpe_costs,1.0,5.0,1.0,rolling,1000,1000,125,30,125,0.001,0.25,8,4,16,2,mps,True,0.5,1483,2020-02-07,2025-12-31,-0.15586491180746134,-0.00597262447354627,0.03831923685892951,-0.21887523233742825,-0.055841296331899645,-0.006684502066290565,-0.038701043753814224,-0.11970535258637982,1393,0.5030343897505057,0.49295774647887325,-0.014756691804637226,3.543340431804718,0.003739065577862184,0.005394844804353877,-0.36089645041819407,0.7181768571790275,0.3778676728744455,0.49999999976530435,2.6800397519723897e-10,39.67466867023404,1.0,-0.6272272668298849,-1.72589998360679,-0.0662368094252528,0.038378127385360394,98.4512496249954,,,,,,
final__cnn_neutral_cw0.5_k6__s0,final,cnn_neutral_cw0.5_k6,cnn_transformer,6,30,sharpe_costs,1.0,5.0,1.0,rolling,1000,1000,125,30,125,0.001,0.25,8,4,16,0,mps,True,0.5,1483,2020-02-07,2025-12-31,0.23189109996891225,0.009713864090434827,0.04188976675576202,0.3358769026884577,0.0884423369695022,0.008875801510864534,0.053378843079672667,-0.10035693102416776,692,0.5003371544167229,0.5774647887323944,0.1890782369200974,2.470896212788989,0.004083624983922073,0.005778928138573842,0.56163390524684,0.5743654748953283,0.4629348322567585,0.5000000015776127,-1.81143271686914e-09,38.00619079764756,1.0,0.8326675168518812,-1.4623434440690823,-0.06126155543636526,0.04189272751543257,145.8237359160048,,,,,,
final__cnn_neutral_cw0.5_k6__s1,final,cnn_neutral_cw0.5_k6,cnn_transformer,6,30,sharpe_costs,1.0,5.0,1.0,rolling,1000,1000,125,30,125,0.001,0.25,8,4,16,1,mps,True,0.5,1483,2020-02-07,2025-12-31,0.17108563403818897,0.007247010986270234,0.042358968518961614,0.24675872683657518,0.058037391439598275,0.006370293190059773,0.03807679707649858,-0.10976187991994057,1114,0.5010114632501685,0.5070422535211268,0.1815243865040496,2.675256173628659,0.004281210155207953,0.005834102230576951,0.41747583645901165,0.6763303949633426,0.4073096571397598,0.4999999992376273,-1.1190154807118037e-09,38.77350447445913,1.0,0.706047097095448,-1.3359041911531007,-0.0567243624905108,0.04246140020082468,146.15561762500147,,,,,,
final__cnn_neutral_cw0.5_k6__s2,final,cnn_neutral_cw0.5_k6,cnn_transformer,6,30,sharpe_costs,1.0,5.0,1.0,rolling,1000,1000,125,30,125,0.001,0.25,8,4,16,2,mps,True,0.5,1483,2020-02-07,2025-12-31,0.4838269699315295,0.02117137170787912,0.043758147072444645,0.7102644753962034,0.2727766079610928,0.020419355056140454,0.1263202175969802,-0.07485742714072074,712,0.5185434929197572,0.5211267605633803,0.2530660891827093,3.9137634221312734,0.004333922224596338,0.006028197303859104,1.1783365901337557,0.23866244606367026,0.4571724641505387,0.5000000005255132,-1.155970449054754e-09,37.08056155508644,1.0,1.8376736654355241,-1.1196663354924035,-0.04907847899364915,0.04383312906524565,145.90755633299705,,,,,,
final__cnn_neutral_cw0.5_k7__s0,final,cnn_neutral_cw0.5_k7,cnn_transformer,7,30,sharpe_costs,1.0,5.0,1.0,rolling,1000,1000,125,30,125,0.001,0.25,8,4,16,0,mps,True,0.5,1483,2020-02-07,2025-12-31,0.2818266117103909,0.011222449715409588,0.03982040463567699,0.40184409623111966,0.1363743204627053,0.010483954837235965,0.06329871314773339,-0.07687631220940194,1089,0.5151719487525287,0.4788732394366197,-0.035664696862401986,1.6617256831814338,0.003973910934535875,0.005530335675573748,0.6896876594912245,0.4903906280000757,0.44211359474093115,0.4999999995017768,9.985031397647111e-10,39.322497801708586,1.0,1.0072870670896332,-1.433489616651536,-0.05713126285663019,0.03985467504821008,146.8033959999957,,,,,,
final__cnn_neutral_cw0.5_k7__s1,final,cnn_neutral_cw0.5_k7,cnn_transformer,7,30,sharpe_costs,1.0,5.0,1.0,rolling,1000,1000,125,30,125,0.001,0.25,8,4,16,1,mps,True,0.5,1483,2020-02-07,2025-12-31,0.30523986476891046,0.012425747536694686,0.040708141271461745,0.4320556103361125,0.09214544733219461,0.011664291350889977,0.07062883971439438,-0.1265856500629804,1115,0.5212407282535402,0.4788732394366197,-0.10251573655110081,1.9842886437306877,0.0041171314068462,0.005803411241120718,0.7221792311568146,0.4701842905923662,0.3808078401803014,0.500000000338529,7.583974967471445e-10,39.725308242392586,1.0,1.2948399893149394,-1.1844609699683653,-0.04820864870559232,0.040700917909418224,145.66031870900042,,,,,,
final__cnn_neutral_cw0.5_k7__s2,final,cnn_neutral_cw0.5_k7,cnn_transformer,7,30,sharpe_costs,1.0,5.0,1.0,rolling,1000,1000,125,30,125,0.001,0.25,8,4,16,2,mps,True,0.5,1483,2020-02-07,2025-12-31,0.6831538158905326,0.027998235510444194,0.040983794365470665,1.0124695368042487,0.5735670834534708,0.02752939403329724,0.17329778543597096,-0.047996816462237746,656,0.5178691840863116,0.5352112676056338,0.18025587923878328,3.1181416638319117,0.003989763260938223,0.005460667330585112,1.5970168888134206,0.11026194262204313,0.44278573836425084,0.5000000006325289,-6.64185950263615e-10,37.864452792146594,1.0,2.5092070394785675,-0.9855286540707496,-0.0404401100851027,0.04103392622635969,145.53776004199608,,,,,,
final__cnn_neutral_cw0.5_k8__s0,final,cnn_neutral_cw0.5_k8,cnn_transformer,8,30,sharpe_costs,1.0,5.0,1.0,rolling,1000,1000,125,30,125,0.001,0.25,8,4,16,0,mps,True,0.5,1483,2020-02-07,2025-12-31,0.45833531826958146,0.01779941247281736,0.03883491357379574,0.6580741418778596,0.2844250721201132,0.017190795002202552,0.10550996711171612,-0.060440505030241676,292,0.5158462575859744,0.5070422535211268,-0.07884239692964543,2.829788658718332,0.0038537761319802012,0.0054831159174175415,1.1034085549225046,0.2698497832295924,0.4220348558030594,0.5000000001645123,-1.4759374925499265e-09,38.05575499636623,1.0,1.6736198019342514,-1.2338142311654137,-0.048026084962980345,0.038924891405748126,159.44792225000128,,,,,,
final__cnn_neutral_cw0.5_k8__s1,final,cnn_neutral_cw0.5_k8,cnn_transformer,8,30,sharpe_costs,1.0,5.0,1.0,rolling,1000,1000,125,30,125,0.001,0.25,8,4,16,1,mps,True,0.5,1483,2020-02-07,2025-12-31,0.6073149642183765,0.024252991060394455,0.039934782591119614,0.8812610947901924,0.28290283238313674,0.02373175214786749,0.14800775883886308,-0.08388658377137581,499,0.5171948752528658,0.5633802816901409,-0.029897469896960776,2.0252167231637177,0.004102305165323184,0.005575420369918161,1.4051649177235954,0.15997224363168017,0.40824020341367195,0.499999999310345,-8.771035543926894e-10,37.90568236987678,1.0,2.3574853043054103,-0.9964249695231524,-0.039835552186968125,0.03997847645872601,150.5069497919976,,,,,,
final__cnn_neutral_cw0.5_k8__s2,final,cnn_neutral_cw0.5_k8,cnn_transformer,8,30,sharpe_costs,1.0,5.0,1.0,rolling,1000,1000,125,30,125,0.001,0.25,8,4,16,2,mps,True,0.5,1483,2020-02-07,2025-12-31,0.9353828587083884,0.037581356216342794,0.040177512198840734,1.4236018048558636,0.8195039456414316,0.03745644346292121,0.2415992209076312,-0.04570623931969453,546,0.5111260957518543,0.5774647887323944,0.24176902009133858,3.7476046673440973,0.0035397717833251245,0.005276123278829372,2.153864310802427,0.03125081450601268,0.4828732810502594,0.4999999996452612,-3.3473843641497353e-10,36.4666516601019,1.0,3.088436900329259,-0.8927663030552119,-0.035904613779153605,0.04021725915985108,144.60141545900115,,,,,,
final__cnn_neutral_cw0__s0,final,cnn_neutral_cw0,cnn_transformer,5,30,sharpe,1.0,5.0,1.0,rolling,1000,1000,125,30,125,0.001,0.25,8,4,16,0,mps,True,1.0,1483,2020-02-07,2025-12-31,0.30231548972493394,0.0135601628763233,0.04485434368136812,0.41816536114902497,0.11422642693943343,0.012632378196548055,0.07667211771355853,-0.1105906797141274,1083,0.5273095077545515,0.5492957746478874,-0.3547816416655131,2.8170378213382143,0.004739398114145894,0.006586345567612031,0.7488998478002016,0.4539175720698958,1.109927462515371,0.4999999974310709,6.114350275806684e-09,29.199795988034836,1.0,0.484807989363493,-3.0986477827741252,-0.13888135757376244,0.044819988365836845,449.9658592499982,,,,,,
final__cnn_neutral_cw0__s1,final,cnn_neutral_cw0,cnn_transformer,5,30,sharpe,1.0,5.0,1.0,rolling,1000,1000,125,30,125,0.001,0.25,8,4,16,1,mps,True,1.0,1483,2020-02-07,2025-12-31,0.3873097099880204,0.017485307448792748,0.045145543728644384,0.5663798252950599,0.19663002908967628,0.016602461228564014,0.10175236205816862,-0.08443502401656156,1173,0.5037086985839514,0.5352112676056338,0.20212322441533942,3.142967128490664,0.004346142281170973,0.006311625061324405,1.024537118511545,0.30558164798806275,1.0993910783334144,0.49999999735844974,5.301665967705534e-09,29.19147044887829,1.0,0.6311324699395972,-2.9545754662786607,-0.13362952379563586,0.045227994790041554,418.51845033399877,,,,,,
final__cnn_neutral_cw0__s2,final,cnn_neutral_cw0,cnn_transformer,5,30,sharpe,1.0,5.0,1.0,rolling,1000,1000,125,30,125,0.001,0.25,8,4,16,2,mps,True,1.0,1483,2020-02-07,2025-12-31,0.6062807158957462,0.027764509992040044,0.045794809671654356,0.865137580910547,0.34165184695488166,0.027074197698289115,0.1702422771405947,-0.07924499147187258,1015,0.519217801753203,0.5352112676056338,-0.21056756866000376,3.8583340647488837,0.00436897862161669,0.006656359312984381,1.5495557308550862,0.12124818531579767,1.096037612796509,0.5000000012445515,-2.338041111581231e-09,28.374852910140245,1.0,1.0052266972063788,-2.6839915682365136,-0.12292806961695886,0.04580046788214293,388.3133061249973,,,,,,
final__cnn_neutral_cw1__s0,final,cnn_neutral_cw1,cnn_transformer,5,30,sharpe_costs,1.0,5.0,1.0,rolling,1000,1000,125,30,125,0.001,0.25,8,4,16,0,mps,True,1.0,1483,2020-02-07,2025-12-31,-0.035413691121306455,-0.0014902503343319302,0.04208119196689241,-0.0495646241269671,-0.0392742404460597,-0.002372907155388071,-0.013883684814035568,-0.06041891907870467,980,0.5158462575859744,0.5211267605633803,-0.022340612777416044,1.33946890516075,0.004442050536748933,0.005990728080130312,-0.0938751230078311,0.9252083555162317,0.24101879329140252,0.4999999990713116,1.0009996314272416e-09,42.770089090736406,1.0,-0.24536226914697756,-1.057348390508389,-0.04452310352058303,0.04210826244240619,343.24474808300147,,,,,,
final__cnn_neutral_cw1__s1,final,cnn_neutral_cw1,cnn_transformer,5,30,sharpe_costs,1.0,5.0,1.0,rolling,1000,1000,125,30,125,0.001,0.25,8,4,16,1,mps,True,1.0,1483,2020-02-07,2025-12-31,0.06921809890693892,0.0030876904194234627,0.04460813671832774,0.0979519850702195,0.02006706031889822,0.0020949221569559473,0.012391703796648335,-0.10439606617333219,729,0.49291975724882,0.5211267605633803,-0.0014342082225162129,1.9590034053382217,0.004619250953765412,0.006321681677863016,0.18119692390906703,0.8562130090040455,0.2600711587572437,0.49999999933958206,5.9183220278533e-10,39.7394575029109,1.0,0.47113027904235627,-0.9486580008067153,-0.04234414208515338,0.044635835094570406,282.3816638339995,,,,,,
final__cnn_neutral_cw1__s2,final,cnn_neutral_cw1,cnn_transformer,5,30,sharpe_costs,1.0,5.0,1.0,rolling,1000,1000,125,30,125,0.001,0.25,8,4,16,2,mps,True,1.0,1483,2020-02-07,2025-12-31,-0.1591349946594404,-0.006884438014150155,0.043261622177342675,-0.22023108241637812,-0.08783896520722569,-0.007790004444963139,-0.04498005265011551,-0.08868506620706784,1293,0.5084288604180714,0.4507042253521127,-0.07050119953846762,2.2287584578287216,0.00446049983649174,0.006339704704718524,-0.4046734474854682,0.6857175623373616,0.2680194278028406,0.5000000006648068,8.356055399575755e-11,42.11402925377522,1.0,-1.0192991863614551,-1.232073478332709,-0.053317077141639885,0.043274267386869396,271.41952370799845,,,,,,
full_bench__ff5_fourier_ffn__s0,full_bench,ff5_fourier_ffn,fourier_ffn,5,30,sharpe,1.0,5.0,1.0,rolling,1000,1000,125,30,125,0.001,0.25,8,4,16,0,mps,False,1.0,3499,2003-02-10,2016-12-30,0.9436931453326166,0.0335171297288804,0.03551697910984281,1.475484926374186,0.37732135644463477,0.033431796218070575,0.5787084440039707,-0.08860297899140013,876,0.5215775935981709,0.5868263473053892,0.8362704559183574,11.04215109026846,0.0030025958811623456,0.004581856663976256,3.211969352267462,0.0013182843785671762,0.6074112537968265,0.3874018022268767,0.22519639569453037,325.5021306019119,1.0,2.189694086497803,-1.4833905665350353,-0.0527933509000749,0.03558964988121219,125.04397854200215,,,,full,ff5,0.0
full_bench__ff5_fourier_ffn_neutral__s0,full_bench,ff5_fourier_ffn_neutral,fourier_ffn,5,30,sharpe,1.0,5.0,1.0,rolling,1000,1000,125,30,125,0.001,0.25,8,4,16,0,mps,True,1.0,3499,2003-02-10,2016-12-30,0.365097430425449,0.016042151515920502,0.04393937118983977,0.5278744703784016,0.12308611587079547,0.015190068547809021,0.23284812923093168,-0.1234100892724096,1882,0.5121463275221492,0.5089820359281437,-0.19925102936548975,55.96803911393664,0.0029667774985561728,0.005823436045321929,1.2921232536862708,0.19631446410809883,0.7525321671210161,0.5001368082890348,-0.00027291293961831603,299.2922445603147,0.9974278365247213,0.8459350203716376,-2.083323368589714,-0.09135684237096287,0.04385149408313219,97.60150900000008,,,,full,ff5,0.0
full_bench__ff5_ou_threshold__s0,full_bench,ff5_ou_threshold,ou_threshold,5,30,sharpe,1.0,5.0,1.0,rolling,1000,1000,125,30,125,0.001,0.25,8,4,16,0,mps,False,1.0,3499,2003-02-10,2016-12-30,0.14930586784491864,0.00654587406277416,0.04384204155708899,0.21856198405162508,0.033563961051160246,0.005600869708540346,0.08063697396574332,-0.16687153521609555,1823,0.4887110603029437,0.4311377245508982,0.28053343998103364,5.126355994836366,0.004048190329820036,0.006024503550773536,0.5421545733592503,0.5877120262685838,0.9731312434286467,0.5030190310274336,-0.006038056200763589,88.73935410117177,1.0,0.2669289564044186,-2.9379222322720566,-0.1287457097426724,0.04382202780197701,1.156115999998292,,,,full,ff5,0.0
full_bench__ff5_reversal__s0,full_bench,ff5_reversal,reversal,5,30,sharpe,1.0,5.0,1.0,rolling,1000,1000,125,30,125,0.001,0.25,8,4,16,0,mps,False,1.0,3499,2003-02-10,2016-12-30,0.6797292779151383,0.03841208454639887,0.05651085777004662,1.0373844041206717,0.31716038070300356,0.037501371797630245,0.66725315338487,-0.11824103538565056,798,0.5155758788225208,0.5449101796407185,0.659348134077872,7.648921492831594,0.0050553333083493395,0.00769621409085334,2.4163971603370054,0.015674953436374893,0.25040468585717607,0.5092360054676383,-0.01847201147656246,256.15344656509285,1.0,6.087302496291762,-0.10617102528003056,-0.0059986463515166785,0.056499843866958964,0.4081455419945996,,,,full,ff5,0.0
full_bench__pca5_fourier_ffn__s0,full_bench,pca5_fourier_ffn,fourier_ffn,5,30,sharpe,1.0,5.0,1.0,rolling,1000,1000,125,30,125,0.001,0.25,8,4,16,0,mps,False,1.0,3499,2003-02-10,2016-12-30,1.3190002832919983,0.02633628440190546,0.01996685272589526,2.0882584999403337,0.7570623456660392,0.026480223432867378,0.4374806016193513,-0.03497759938063083,705,0.5224349814232638,0.6586826347305389,0.47907107746432653,4.041615231630945,0.0017631702001717198,0.002587714879914194,4.522081071892752,6.123459587762876e-06,0.48271418909453306,0.5664339137425946,-0.1328678276945607,337.9819904006255,1.0,2.1650298965307546,-2.4405269771167215,-0.04877846566014653,0.01998685780469192,94.64402537500428,,,,full,pca,0.0
full_bench__pca5_fourier_ffn_neutral__s0,full_bench,pca5_fourier_ffn_neutral,fourier_ffn,5,30,sharpe,1.0,5.0,1.0,rolling,1000,1000,125,30,125,0.001,0.25,8,4,16,0,mps,True,1.0,3499,2003-02-10,2016-12-30,0.9662598133808928,0.02637385492465567,0.02729478610144711,1.5758672739650834,0.5330670115609324,0.026342242185268372,0.4347999596619674,-0.049416380331119614,492,0.5115747356387539,0.6467065868263473,2.9187916149275432,62.10500275837023,0.00220501591318445,0.0032525117092911124,3.4412523972573643,0.0005790281416234936,0.7225437797599158,0.5007300655447219,-0.00142507728345468,302.2758910293193,0.9759931408973993,1.4484680014503033,-2.8229946999471918,-0.07699212216221678,0.02727320818691478,115.48897833400406,,,,full,pca,0.0
full_bench__pca5_ou_threshold__s0,full_bench,pca5_ou_threshold,ou_threshold,5,30,sharpe,1.0,5.0,1.0,rolling,1000,1000,125,30,125,0.001,0.25,8,4,16,0,mps,False,1.0,3499,2003-02-10,2016-12-30,0.6159794883579494,0.022756144164202595,0.036943022607562645,0.9258921905089567,0.26610137915852605,0.022318790996007642,0.35864382446314624,-0.0838732631397282,1223,0.5135753072306374,0.5209580838323353,0.5123651687628821,6.22179384215173,0.0034790011403466286,0.004912519346249363,2.3070382876801427,0.02105268574502636,0.9724189544689249,0.5049640710741626,-0.009928136803667591,84.40754501286082,1.0,0.9286342986914913,-3.04342688875407,-0.1124947318916301,0.03696317868101759,0.6146843330061529,,,,full,pca,0.0
full_bench__pca5_reversal__s0,full_bench,pca5_reversal,reversal,5,30,sharpe,1.0,5.0,1.0,rolling,1000,1000,125,30,125,0.001,0.25,8,4,16,0,mps,False,1.0,3499,2003-02-10,2016-12-30,0.8286975293092579,0.037842209395328646,0.04566468229592909,1.2938443755713396,0.33355204933576593,0.037484486783682325,0.6668764390395514,-0.11237972261998919,456,0.5272935124321234,0.6167664670658682,1.0167765309957668,11.2524750218174,0.004104450658208088,0.0059471550596832505,2.9857617567983534,0.0028287292956169947,0.2502317313840491,0.504217132919954,-0.008434265746219832,242.09383747119557,1.0,6.001137296613969,-0.14064242385171769,-0.006420259880015399,0.04564952525835603,0.38752837499487214,,,,full,pca,0.0
full_paper__ff5__s0,full_paper,ff5,cnn_transformer,5,30,sharpe,1.0,5.0,1.0,rolling,1000,1000,125,30,125,0.001,0.25,8,4,16,0,cuda,False,1.0,3499,2003-02-10,2016-12-30,1.6402466066171493,0.04464917273322171,0.027221012104580014,2.5351299123493396,0.7354419827876597,0.045269719508964856,0.8492021259017302,-0.06155444014410494,417,0.5504429837096313,0.6826347305389222,0.24918103807990702,7.658361076391952,0.0023736749578400777,0.003645336957413051,5.576677735283459,2.4515542220269666e-08,1.0587599436136532,0.4266915767446786,0.14661684512896042,295.6325733963963,1.0,1.6734601450177031,-3.650785091086036,-0.09950509193287391,0.027255806477305716,2618.2402241930004,,,,full,ff5,0.0
full_paper__ff5__s1,full_paper,ff5,cnn_transformer,5,30,sharpe,1.0,5.0,1.0,rolling,1000,1000,125,30,125,0.001,0.25,8,4,16,1,cuda,False,1.0,3499,2003-02-10,2016-12-30,2.2590785285915724,0.05595765159383357,0.02477012236875205,3.741143751651681,1.6136804947538206,0.057222270546430476,1.1654452098594055,-0.03546071897904435,198,0.5538725350100029,0.7305389221556886,0.5504200693290842,4.429292845981002,0.0020973243051844574,0.0030580639119551123,7.820714900902439,5.252418107514322e-15,1.038169359109631,0.42760220860160864,0.14479558501074516,294.10840762874864,1.0,2.138901240370301,-3.4506145958990477,-0.0856258888192616,0.024814677629030325,2617.892603657,,,,full,ff5,0.0
full_paper__pca5__s0,full_paper,pca5,cnn_transformer,5,30,sharpe,1.0,5.0,1.0,rolling,1000,1000,125,30,125,0.001,0.25,8,4,16,0,cuda,False,1.0,3499,2003-02-10,2016-12-30,2.5913504914085412,0.0584869364101012,0.022570060130426565,4.241076005094478,1.897646408653604,0.05995409317312417,1.244443977612701,-0.03159392229222624,399,0.5727350671620463,0.7604790419161677,0.15097597478645564,5.72286714015295,0.0019319958513046626,0.0028615133092407164,8.467749332312145,2.50179983721941e-17,1.0996206719358261,0.47392327030048936,0.0521534596224464,289.6788926652734,1.0,2.110646183941024,-4.071966081529925,-0.09200454729594004,0.022594625164798026,2476.646066572,,,,full,pca,0.0
full_paper__pca5__s1,full_paper,pca5,cnn_transformer,5,30,sharpe,1.0,5.0,1.0,rolling,1000,1000,125,30,125,0.001,0.25,8,4,16,1,cuda,False,1.0,3499,2003-02-10,2016-12-30,2.733819041557275,0.0591106002400172,0.021621987169401606,4.583664519783948,1.8597351495754793,0.06063745043867752,1.2646191673058995,-0.03260542257994059,386,0.5781651900543012,0.7544910179640718,0.3515606684925439,5.9823874123816605,0.0017446280557512199,0.0026310505380893506,8.93809995674046,3.959188799791591e-19,1.0535268893888732,0.46809323089284044,0.06381353815615982,288.71542247228666,1.0,2.22648207967799,-3.9527196815764096,-0.0854278097236005,0.021612412871516985,2476.045003706,,,,full,pca,0.0
full_probe__pca5_e100__s0,full_probe,pca5_e100,cnn_transformer,5,30,sharpe_costs,1.0,5.0,1.0,rolling,1000,1000,125,100,125,0.001,0.25,8,4,16,0,cuda,True,0.5,375,2003-02-10,2004-08-05,5.501491370778991,0.12263498744466989,0.022291225993017458,10.730472883873539,13.264213278988322,0.13015748915311964,0.19970879923004548,-0.009812680663036422,31,0.6213333333333333,1.0,0.1960928068221512,0.4417790746759156,0.0018740644221123086,0.0023935033762709514,6.000308770894167,1.9694266520573145e-09,1.0547404241273657,0.4999999937858744,1.3075168633728632e-08,236.06654204132397,1.0,4.613900865482725,-1.0244819679689228,-0.02284391304115819,0.022298013781977225,881.113503247,,,,full,pca,3.0
full_probe__pca5_e10__s0,full_probe,pca5_e10,cnn_transformer,5,30,sharpe_costs,1.0,5.0,1.0,rolling,1000,1000,125,10,125,0.001,0.25,8,4,16,0,cuda,True,0.5,375,2003-02-10,2004-08-05,3.460797528287428,0.08191290430281122,0.023668794153163225,6.482712239590601,7.810847392621244,0.08504323734078856,0.12914204225798254,-0.010887837524661825,49,0.5626666666666666,0.7894736842105263,0.6037469258679768,1.2974878896250575,0.0018536120892565708,0.002374503314109624,4.009132223144023,6.094228750275728e-05,0.9419700818197753,0.500000001247026,2.489197944062956e-09,319.80734710768644,1.0,3.450759358756676,-2.089017930277198,-0.049394824094247704,0.023644997670122132,87.64899592400002,,,,full,pca,3.0
full_probe__pca5_e30__s0,full_probe,pca5_e30,cnn_transformer,5,30,sharpe_costs,1.0,5.0,1.0,rolling,1000,1000,125,30,125,0.001,0.25,8,4,16,0,cuda,True,0.5,375,2003-02-10,2004-08-05,4.177441108811099,0.09379199862487889,0.022452021747727792,7.659697723184893,7.804818324009929,0.0980355698261901,0.14932031886747366,-0.012560903502981446,31,0.608,0.9473684210526315,0.20659646348036012,0.049758134795581554,0.0018607515194164353,0.002396076412467114,4.731089932001303,2.2331755361394913e-06,0.9958259615071637,0.5000000063364776,-9.096039841930785e-09,311.0422044005244,1.0,3.7375051978996727,-1.9717560421729348,-0.04428347516896363,0.02245890172100698,268.133547195,,,,full,pca,3.0
full_recipe__ff5_cw0.25__s0,full_recipe,ff5_cw0.25,cnn_transformer,5,30,sharpe_costs,1.0,5.0,1.0,rolling,1000,1000,125,30,125,0.001,0.25,8,4,16,0,cuda,True,0.25,3499,2003-02-10,2016-12-30,1.4967285052933805,0.04110527008937443,0.02746341099538102,2.2592541091265166,0.6891572082091901,0.04156556477027973,0.7602616249353076,-0.06031361825016668,386,0.5504429837096313,0.6766467065868264,0.03461233808179578,5.11240341509769,0.00246460872622042,0.0037443670192507847,5.198826133597463,2.005510031295942e-07,0.9030729572314654,0.5000000001319842,-5.613596439807223e-10,283.71028944438063,1.0,1.8062344779803117,-3.104911560773681,-0.08528541289486002,0.027467904069257493,2602.779988307001,,,,full,ff5,0.0
full_recipe__ff5_cw0.25__s1,full_recipe,ff5_cw0.25,cnn_transformer,5,30,sharpe_costs,1.0,5.0,1.0,rolling,1000,1000,125,30,125,0.001,0.25,8,4,16,1,cuda,True,0.25,3499,2003-02-10,2016-12-30,1.9260658021549968,0.05180760943582649,0.02689815133930578,3.1358124159928855,1.3384208949601177,0.05278699507490958,1.0426606819609083,-0.039439757159860034,241,0.5444412689339811,0.688622754491018,0.6250215579885979,5.681488428181165,0.0023278261383787298,0.00339115070233488,6.59585008857435,4.2282601047154036e-11,0.8506010993452991,0.4999999993694589,1.1190668983389202e-09,301.37685254662347,1.0,2.416946696726678,-2.5287708298803646,-0.0679735089647906,0.02688005894468753,2601.653804071999,,,,full,ff5,0.0
full_recipe__ff5_cw0.25__s2,full_recipe,ff5_cw0.25,cnn_transformer,5,30,sharpe_costs,1.0,5.0,1.0,rolling,1000,1000,125,30,125,0.001,0.25,8,4,16,2,cuda,True,0.25,3499,2003-02-10,2016-12-30,1.7458437953555428,0.048309095566751704,0.02767091517309171,2.76253300241323,1.5364761730818706,0.049088804965267574,0.9452547109088549,-0.03194895295174349,256,0.5492997999428408,0.6946107784431138,0.48490938611613865,6.579475379758552,0.002455839114779167,0.00365328571619059,6.033502478982381,1.60443527981778e-09,0.8948929829657487,0.5000000000767123,1.3457591574729812e-10,295.2465151526939,1.0,2.1421864271435447,-2.783274926237378,-0.07705120522308308,0.02768364867470933,2600.5951104859996,,,,full,ff5,0.0
full_recipe__ff5_cw0.5__s0,full_recipe,ff5_cw0.5,cnn_transformer,5,30,sharpe_costs,1.0,5.0,1.0,rolling,1000,1000,125,30,125,0.001,0.25,8,4,16,0,cuda,True,0.5,3499,2003-02-10,2016-12-30,0.9568013634135911,0.02906217458042899,0.03037430305987811,1.4076999100064467,0.3243690964402937,0.02901213931922042,0.4875022510809115,-0.08944174903715174,596,0.5310088596741926,0.6227544910179641,-0.07919195469281592,3.622082432267349,0.0028363816578267738,0.004252446571818524,3.2990459638280356,0.0009701402497811477,0.6002473580105314,0.4999999983670006,1.9868043039422145e-09,347.1682332738957,1.0,1.9213094079600017,-1.9499183730115655,-0.05918338769881526,0.030351725753221686,2623.7930867429995,,,,full,ff5,0.0
full_recipe__ff5_cw0.5__s1,full_recipe,ff5_cw0.5,cnn_transformer,5,30,sharpe_costs,1.0,5.0,1.0,rolling,1000,1000,125,30,125,0.001,0.25,8,4,16,1,cuda,True,0.5,3499,2003-02-10,2016-12-30,1.045113290167615,0.03287323692630358,0.03145423298658022,1.6410662163012784,0.44384403344374956,0.03290694899389779,0.5676122005691804,-0.07414079386980932,1446,0.5304372677907974,0.5808383233532934,0.8916938226721355,9.655909743238027,0.002743075906371571,0.004078575329683023,3.4497962638077637,0.0005610097733057083,0.565698149842672,0.5000000007135461,-1.3279539211618863e-09,351.6141816631563,1.0,2.3059886782100443,-1.624721656590138,-0.051020369308176904,0.031402529227840294,2624.378664120999,,,,full,ff5,0.0
full_recipe__ff5_cw0.5__s2,full_recipe,ff5_cw0.5,cnn_transformer,5,30,sharpe_costs,1.0,5.0,1.0,rolling,1000,1000,125,30,125,0.001,0.25,8,4,16,2,cuda,True,0.5,3499,2003-02-10,2016-12-30,0.9515074416195028,0.029480805292799533,0.030983262981760868,1.4269988283474577,0.325657888082677,0.029423896909539726,0.4957881964511315,-0.09035217013404473,1523,0.530723063732495,0.6287425149700598,0.18681936780194802,3.788854929986673,0.0028674373864686553,0.004238153258580952,3.284197478766888,0.001022732319223866,0.5649638782277479,0.5000000002909142,-7.443061205317364e-10,360.05567532822795,1.0,2.0707044662298655,-1.7572472679393685,-0.0543203091476766,0.03091216025128619,2623.5254321969987,,,,full,ff5,0.0
full_recipe__pca5_cw0.25__s0,full_recipe,pca5_cw0.25,cnn_transformer,5,30,sharpe_costs,1.0,5.0,1.0,rolling,1000,1000,125,30,125,0.001,0.25,8,4,16,0,cuda,True,0.25,3499,2003-02-10,2016-12-30,2.6188807727747383,0.0631622112846479,0.024118017109166338,4.327653822312271,1.5991974131389077,0.06488164861905488,1.3937400047079396,-0.04057138167307628,399,0.5693055158616748,0.7485029940119761,0.21932093149071608,5.8542051643342905,0.0020549185139924777,0.0029870614110948874,8.589088592681302,8.76619075787179e-18,0.9557118671646695,0.499999999691196,9.428419825700685e-10,302.22272776124424,1.0,2.6225864110863197,-2.903966329668734,-0.06985907879918064,0.024056435532828553,2501.8050583570002,,,,full,pca,0.0
full_recipe__pca5_cw0.25__s1,full_recipe,pca5_cw0.25,cnn_transformer,5,30,sharpe_costs,1.0,5.0,1.0,rolling,1000,1000,125,30,125,0.001,0.25,8,4,16,1,cuda,True,0.25,3499,2003-02-10,2016-12-30,2.57365749332623,0.06185030015892133,0.024032063442515485,4.31659781941013,1.4822743128487288,0.06348816672035462,1.350611677351755,-0.042831590731906455,399,0.5650185767362104,0.7604790419161677,0.5134464420050523,7.516199314017289,0.001944177718328529,0.0028904527878671894,8.462746629751377,2.6115268412639925e-17,0.909731973937349,0.49999999993061967,2.1598219992512603e-10,295.7692067078568,1.0,2.69791219914011,-2.7310352970437006,-0.06537917913314863,0.02393933875696169,2508.247365127001,,,,full,pca,0.0
full_recipe__pca5_cw0.25__s2,full_recipe,pca5_cw0.25,cnn_transformer,5,30,sharpe_costs,1.0,5.0,1.0,rolling,1000,1000,125,30,125,0.001,0.25,8,4,16,2,cuda,True,0.25,3499,2003-02-10,2016-12-30,2.8052189173905755,0.06695385548992115,0.023867604440726452,4.845257977312941,1.782818043414067,0.06893253160968316,1.5233212270411949,-0.03866492818172207,417,0.5824521291797656,0.7604790419161677,0.8320960937170138,7.579009527751294,0.0019738313587968244,0.00286127437102824,9.065171944579363,1.2440787846733305e-19,0.8975569252631409,0.4999999996835811,1.5108164133866272e-09,314.96261018061267,1.0,2.9601454265409277,-2.4688221392669507,-0.05874200608851041,0.023793535044185993,2506.894898295999,,,,full,pca,0.0
full_recipe__pca5_cw0.5__s0,full_recipe,pca5_cw0.5,cnn_transformer,5,30,sharpe_costs,1.0,5.0,1.0,rolling,1000,1000,125,30,125,0.001,0.25,8,4,16,0,cuda,True,0.5,3499,2003-02-10,2016-12-30,2.192537724599231,0.054485715157736925,0.024850525738477885,3.6099956896829903,1.704034664210291,0.055665502683002854,1.1215888390497923,-0.03266688398548523,429,0.5621606173192341,0.7305389221556886,0.6070306537086024,7.70483267659127,0.0020996003601085602,0.0030817825597033457,7.189108330951961,6.521581578415292e-13,0.7493817435110427,0.4999999996237984,2.1587279074197426e-10,322.09066405818726,1.0,2.8852204802165544,-2.119605190389282,-0.052545409352708225,0.024790187149455814,2483.9424127870006,,,,full,pca,0.0
full_recipe__pca5_cw0.5__s1,full_recipe,pca5_cw0.5,cnn_transformer,5,30,sharpe_costs,1.0,5.0,1.0,rolling,1000,1000,125,30,125,0.001,0.25,8,4,16,1,cuda,True,0.5,3499,2003-02-10,2016-12-30,1.861634795048181,0.05022446019714649,0.026978685793121217,3.0549557531673504,0.9189379114753523,0.051119853347211475,0.9982030639530897,-0.05562927887602187,399,0.5495855958845385,0.688622754491018,1.105889681682708,14.055123042706064,0.0021224662653187842,0.0034080143353433746,5.9787701688063875,2.2482849420166594e-09,0.6949877965292255,0.5000000008095689,-8.704424977096753e-10,318.7272072235717,1.0,2.867725368359889,-1.8609576344153052,-0.04995498576163284,0.02684369855487238,2484.2705195239996,,,,full,pca,0.0
full_recipe__pca5_cw0.5__s2,full_recipe,pca5_cw0.5,cnn_transformer,5,30,sharpe_costs,1.0,5.0,1.0,rolling,1000,1000,125,30,125,0.001,0.25,8,4,16,2,cuda,True,0.5,3499,2003-02-10,2016-12-30,2.587192684882776,0.06471948969542834,0.02501533421673258,4.392169692181694,2.0998474098967943,0.06651750980806281,1.4453066063367999,-0.03167730640548405,298,0.5658759645613032,0.718562874251497,0.6795384287959885,6.9615951835749215,0.0020435511651052713,0.003033098795662051,8.433592331792674,3.352129815864264e-17,0.7247708669699756,0.5000000004215914,-3.407070395713708e-10,332.0690196853885,1.0,3.5435112462639107,-1.5749115307659272,-0.03921155063348899,0.024897621147277543,2484.295364857,,,,full,pca,0.0
full_recipe__pca8_cw0.25__s0,full_recipe,pca8_cw0.25,cnn_transformer,8,30,sharpe_costs,1.0,5.0,1.0,rolling,1000,1000,125,30,125,0.001,0.25,8,4,16,0,cuda,True,0.25,3499,2003-02-10,2016-12-30,2.554582249767708,0.05807754172985183,0.022734653282403768,4.218105940271053,1.123474600344504,0.0595164226114282,1.2316101116064533,-0.05297531656984322,590,0.5593026579022577,0.7544910179640718,0.25631438110780314,2.1869942966252323,0.0019650719727895894,0.0028412331866388596,8.135711841160926,4.0952484917323656e-16,0.90869488987649,0.5000000002545513,-5.454786023019705e-10,308.19316388853815,1.0,2.536235627640043,-3.0449165829072724,-0.06902130232403221,0.02266771533627072,2483.9264654340004,,,,full,pca,0.0
full_recipe__pca8_cw0.25__s1,full_recipe,pca8_cw0.25,cnn_transformer,8,30,sharpe_costs,1.0,5.0,1.0,rolling,1000,1000,125,30,125,0.001,0.25,8,4,16,1,cuda,True,0.25,3499,2003-02-10,2016-12-30,2.615613680397508,0.06030045336040789,0.02305403653923531,4.401880394683196,1.504752432676709,0.06186597866353405,1.3013136147074822,-0.04111372563358118,408,0.560731637610746,0.7724550898203593,0.3758235775270227,2.780350892516683,0.0019224446299270408,0.00277613794856726,8.568996230735989,1.0439095211526183e-17,0.8597569731782699,0.5000000006416015,-4.016198376375111e-10,306.1823877360387,1.0,2.783199448215884,-2.6396674252736045,-0.060633975468524164,0.022970308641149895,2486.3660273700007,,,,full,pca,0.0
full_recipe__pca8_cw0.25__s2,full_recipe,pca8_cw0.25,cnn_transformer,8,30,sharpe_costs,1.0,5.0,1.0,rolling,1000,1000,125,30,125,0.001,0.25,8,4,16,2,cuda,True,0.25,3499,2003-02-10,2016-12-30,2.729193928013228,0.06282629378725818,0.023020091442528548,4.5729672229816645,1.5983840287909736,0.06455165317055633,1.3834607852404992,-0.04038557193253711,399,0.5727350671620463,0.7844311377245509,0.37496989275983517,2.6554773076054197,0.002025414700619777,0.0028414849727222617,8.966691142627429,3.0555542301948725e-19,0.8517986032864663,0.5000000000321295,-6.216904452735196e-10,307.9403799352463,1.0,2.926873660863844,-2.4850238973735563,-0.05710566700376133,0.022979926697733903,2484.4591512849984,,,,full,pca,0.0
full_recipe__pca8_cw0.5__s0,full_recipe,pca8_cw0.5,cnn_transformer,8,30,sharpe_costs,1.0,5.0,1.0,rolling,1000,1000,125,30,125,0.001,0.25,8,4,16,0,cuda,True,0.5,3499,2003-02-10,2016-12-30,1.9948976056136494,0.044681644862751765,0.02239796405440432,3.2127954623144834,0.6250798171286791,0.04542865726669709,0.8531101027523729,-0.07267657029045482,590,0.5452986567590741,0.7305389221556886,0.2639534330879999,1.897340658902019,0.00201494674679445,0.0027947756499309027,6.421536344246796,1.3490579458542854e-10,0.6909031101164316,0.5000000000515972,-5.539421510168415e-10,336.9074978659419,1.0,2.566323872892237,-2.463408146085602,-0.054983277682851314,0.022320003191602943,2502.614785513999,,,,full,pca,0.0
full_recipe__pca8_cw0.5__s1,full_recipe,pca8_cw0.5,cnn_transformer,8,30,sharpe_costs,1.0,5.0,1.0,rolling,1000,1000,125,30,125,0.001,0.25,8,4,16,1,cuda,True,0.5,3499,2003-02-10,2016-12-30,2.1091658388015118,0.05132698239152862,0.024335204680109024,3.405069868772721,1.1932368490735217,0.05235011380055554,1.0309224730292472,-0.0438723576473542,297,0.5610174335524436,0.6706586826347305,0.3096844743057817,3.814492588606859,0.002053833030278399,0.0030734926126295956,6.617267840045205,3.658982014645911e-11,0.6434642101112993,0.5000000012004299,-2.9029218557083104e-09,329.97048766810815,1.0,3.16534312791779,-1.7491808537039257,-0.04236234706734143,0.024218391698970585,2506.126955656,,,,full,pca,0.0
full_recipe__pca8_cw0.5__s2,full_recipe,pca8_cw0.5,cnn_transformer,8,30,sharpe_costs,1.0,5.0,1.0,rolling,1000,1000,125,30,125,0.001,0.25,8,4,16,2,cuda,True,0.5,3499,2003-02-10,2016-12-30,2.421598411204029,0.05581354007541837,0.023048222949431006,3.9968306890734415,1.866157028000468,0.057113370280906794,1.1623501784848096,-0.03060480411024258,274,0.5635895970277222,0.7544910179640718,0.35856903802237294,3.293221245381625,0.0020232855410094504,0.0028248908204113587,7.844679440922375,4.340608242372078e-15,0.6664198887821164,0.5000000006117921,-8.977728498058778e-10,337.2981140300124,1.0,3.3234647647047284,-1.7740326228222667,-0.04076737824165391,0.022980061199099063,2504.1820050230017,,,,full,pca,0.0
full_smoke__pca5__s0,full_smoke,pca5,cnn_transformer,5,30,sharpe_costs,1.0,5.0,1.0,rolling,1000,1000,125,1,125,0.001,0.25,8,4,16,0,cuda,True,0.5,125,2003-02-10,2003-08-07,-0.4368974515520744,-0.012076395216502927,0.027641258088372086,-0.6148629457348896,-0.4203670800979684,-0.012381331634359394,-0.006160814376242274,-0.029453618564693196,104,0.528,0.42857142857142855,0.2831789443877495,0.945868616501941,0.0026684985829770196,0.0034767148837793415,-0.2771338155805279,0.7816773572400895,0.6453536726731246,0.500000001154616,-7.2139128519665975e-09,321.1997334473439,1.0,-0.7425727204990101,-3.8352552593557694,-0.10634844155828915,0.027729169081734898,11.090328623000005,,,,full,pca,1.0
lookback__l10__s0,lookback,l10,cnn_transformer,5,10,sharpe,1.0,5.0,1.0,rolling,1000,1000,125,30,125,0.001,0.25,8,4,16,0,mps,,,1503,2020-01-09,2025-12-31,0.20309001338963212,0.006419527995557023,0.03160927456950349,0.28189666782279127,0.10610664733994896,0.00593726884908774,0.03593754579126118,-0.05595567288131975,305,0.5109780439121756,0.5416666666666666,-0.26971407068144965,4.246946884797594,0.003033150700899416,0.0048084131769162534,0.5294355952150476,0.5965033111451682,0.8152138549937255,0.09387263714676806,0.8122547254413193,35.33141765687315,1.0,0.3124863161566688,-3.1081697709264136,-0.09867849924387212,0.03174810467784076,119.16976004200114,,,,,,
lookback__l10__s1,lookback,l10,cnn_transformer,5,10,sharpe,1.0,5.0,1.0,rolling,1000,1000,125,30,125,0.001,0.25,8,4,16,1,mps,,,1503,2020-01-09,2025-12-31,0.20667383707453735,0.0066418093264159015,0.03213667206469157,0.296736671042114,0.08315767514921224,0.006144277741548798,0.03720967713981915,-0.07388707934082983,615,0.5229540918163673,0.5694444444444444,0.17217043047949165,4.026887793880283,0.0031682254240817135,0.004548909632929537,0.5013868057500247,0.6160989237988272,0.8484391011571002,0.1409800219671772,0.7180399541683026,35.66468110967709,1.0,0.31064558646567925,-3.212440290995359,-0.10382691968034487,0.03232026443304713,115.41130633400462,,,,,,
lookback__l10__s2,lookback,l10,cnn_transformer,5,10,sharpe,1.0,5.0,1.0,rolling,1000,1000,125,30,125,0.001,0.25,8,4,16,2,mps,,,1503,2020-01-09,2025-12-31,-0.08079828897435071,-0.0027288162991707925,0.03377319413331947,-0.11286189941547631,-0.04461014130500832,-0.0032937320930860325,-0.019484850595720582,-0.07383370679250123,1111,0.5123087159015303,0.5,-0.0003169818088166138,5.059795040745769,0.0033343005042289734,0.004948053837383417,-0.2062700049895619,0.8365800072609528,0.8196781598429578,0.1334928920828226,0.7330142158978791,34.80452966895364,1.0,-0.13210838885710052,-3.2265589063715794,-0.10938740212394288,0.03390218660131461,114.49709808299667,,,,,,
lookback__l20__s0,lookback,l20,cnn_transformer,5,20,sharpe,1.0,5.0,1.0,rolling,1000,1000,125,30,125,0.001,0.25,8,4,16,0,mps,,,1493,2020-01-24,2025-12-31,-0.2872705783813938,-0.008435103642886918,0.029362922198346682,-0.3895310358144817,-0.0882896625417855,-0.008827334533024644,-0.0511747605299665,-0.09998151854807313,547,0.5077026121902211,0.5416666666666666,-0.29590678556195005,3.5428681835151252,0.0029395056409413163,0.004466581460127918,-0.6894516309503788,0.49053910175852267,0.746590624564257,0.10402280683969338,0.7919543846485323,36.344048608836204,1.0,-0.4483398585812087,-3.567218308551187,-0.1051482832617054,0.029476268107743318,119.36474112499855,,,,,,
lookback__l20__s1,lookback,l20,cnn_transformer,5,20,sharpe,1.0,5.0,1.0,rolling,1000,1000,125,30,125,0.001,0.25,8,4,16,1,mps,,,1493,2020-01-24,2025-12-31,0.2681678705104631,0.008383573059117357,0.031262406801974646,0.3814357434701479,0.09872621496386409,0.007925998726993067,0.047884404373164324,-0.08028261520908253,637,0.5204286671131949,0.5694444444444444,-0.05719054079288704,4.866282779191343,0.003169854700906298,0.004521780737522902,0.6880716808974473,0.4914076428348567,0.7202669699758584,0.14705425965000454,0.7058914807990514,36.52461211343137,1.0,0.46188633446712934,-2.7293905054532708,-0.0860994402434921,0.03154529924225465,93.58467412499886,,,,,,
lookback__l20__s2,lookback,l20,cnn_transformer,5,20,sharpe,1.0,5.0,1.0,rolling,1000,1000,125,30,125,0.001,0.25,8,4,16,2,mps,,,1493,2020-01-24,2025-12-31,-0.29321823906638333,-0.009699055873125884,0.03307794189068184,-0.39694089222582657,-0.07422901276088772,-0.010194294330648002,-0.05890116221070896,-0.13733571216266416,1115,0.5090421969189551,0.5416666666666666,-0.32055362924517894,4.46655156489155,0.0034135296971477165,0.005077594475932624,-0.718798635698795,0.47226499840789826,0.7673819395334476,0.1392414912043039,0.7215170176100799,34.76701942419264,1.0,-0.5015535937716863,-3.297949232688874,-0.10991769736600546,0.03332910533507143,92.02652029199817,,,,,,
lookback__l30__s0,lookback,l30,cnn_transformer,5,30,sharpe,1.0,5.0,1.0,rolling,1000,1000,125,30,125,0.001,0.25,8,4,16,0,mps,,,1483,2020-02-07,2025-12-31,0.6271750035771678,0.01720754936451231,0.02743659946006615,0.9072634748943079,0.3170085619194019,0.016973056807394693,0.10411806590568795,-0.053541319845203494,381,0.5313553607552259,0.6197183098591549,-0.005842016883006234,3.0012499715052545,0.002745657410513428,0.003917296603658884,1.5537467976680404,0.12024482551884959,0.6347984735502026,0.06308740688336947,0.8738251866547478,36.80483195073666,1.0,1.0756788003563438,-2.347429383481866,-0.0643978895419271,0.02743336604503425,144.72795395799767,,,,,,
lookback__l30__s1,lookback,l30,cnn_transformer,5,30,sharpe,1.0,5.0,1.0,rolling,1000,1000,125,30,125,0.001,0.25,8,4,16,1,mps,,,1483,2020-02-07,2025-12-31,0.3133756557807927,0.010427773780870474,0.03327563449333389,0.45788255495976576,0.14009394961646815,0.009923085975059198,0.05983023419631772,-0.07083165263186164,1148,0.5097774780849629,0.5915492957746479,0.27954285017107716,5.68549298253544,0.002992683435567417,0.004742436233381,0.8196252274811839,0.41242978758642723,0.7427481494146285,0.15027282924642515,0.6994543399479851,35.63198693867805,1.0,0.557120939562168,-2.5990725539961606,-0.08696722520831406,0.03346086859891582,176.1538933329939,,,,,,
lookback__l30__s2,lookback,l30,cnn_transformer,5,30,sharpe,1.0,5.0,1.0,rolling,1000,1000,125,30,125,0.001,0.25,8,4,16,2,mps,,,1483,2020-02-07,2025-12-31,0.5192854273891212,0.01731059863060866,0.03333542155735701,0.7613335814142895,0.23734078235096087,0.016895659087079462,0.10362364808097313,-0.07118734049715691,1047,0.5016857720836143,0.5492957746478874,0.09048273925494145,5.609107119370012,0.003072356512037537,0.004553546471630953,1.3503861162193038,0.1768921619439564,0.7571433410757694,0.14726777610110298,0.7054644477477393,34.480865406276735,1.0,0.9072634992888386,-2.445329979739463,-0.08182124411067637,0.0334602056935457,209.58385458400153,,,,,,
lookback__l60__s0,lookback,l60,cnn_transformer,5,60,sharpe,1.0,5.0,1.0,rolling,1000,1000,125,30,125,0.001,0.25,8,4,16,0,mps,,,1453,2020-03-23,2025-12-31,0.05648583177498047,0.0016782376641605071,0.02971077191261007,0.07805934655053359,0.01860859151317577,0.0012374218108406332,0.007155888153752787,-0.06649733860644313,838,0.5113558155540262,0.5142857142857142,-0.3827384487997523,4.218769298860216,0.002668832023033588,0.004437658206108177,0.14324272511080044,0.8860984879590754,0.5870708250174149,0.06912720295527873,0.8617455939995202,36.73111872859061,1.0,0.11343900917373385,-2.485158046095455,-0.07407049983792392,0.029805146579832,439.4198125000039,,,,,,
lookback__l60__s1,lookback,l60,cnn_transformer,5,60,sharpe,1.0,5.0,1.0,rolling,1000,1000,125,30,125,0.001,0.25,8,4,16,1,mps,,,1453,2020-03-23,2025-12-31,0.36378609090160074,0.010849671114070598,0.02982431540244151,0.515592960094336,0.14791921923540002,0.010458923818119192,0.061827676653339214,-0.07070699718523232,866,0.5230557467309016,0.5857142857142857,-0.21161335036813952,4.065978240952097,0.002841369734559795,0.004338032737762355,0.9184076876223826,0.35840546747979707,0.5789278308441588,0.09611365180372543,0.807772696903013,36.80889874790659,1.0,0.7436894230820085,-2.1567827671250606,-0.06455381377639278,0.029930605325839778,446.64581558400096,,,,,,
lookback__l60__s2,lookback,l60,cnn_transformer,5,60,sharpe,1.0,5.0,1.0,rolling,1000,1000,125,30,125,0.001,0.25,8,4,16,2,mps,,,1453,2020-03-23,2025-12-31,0.5705299424765579,0.015652765690300097,0.02743548502004037,0.8440832611913679,0.2400143654741556,0.015393359161215203,0.09207543761315118,-0.06413515762194133,505,0.5216792842395045,0.5857142857142857,0.26191912041587007,3.183503794606546,0.002750854287665402,0.003858407164979599,1.4242917188282904,0.15436204370971462,0.527621742260799,0.08016889385320074,0.8396622130702563,37.846993897405746,1.0,1.177247724828982,-1.9213922858509693,-0.05288879324689181,0.027526285827398224,379.016839584001,,,,,,
models__cnn_transformer__s0,models,cnn_transformer,cnn_transformer,5,30,sharpe,1.0,5.0,1.0,rolling,1000,1000,125,30,125,0.001,0.25,8,4,16,0,mps,,,1483,2020-02-07,2025-12-31,0.6271750035771678,0.01720754936451231,0.02743659946006615,0.9072634748943079,0.3170085619194019,0.016973056807394693,0.10411806590568795,-0.053541319845203494,381,0.5313553607552259,0.6197183098591549,-0.005842016883006234,3.0012499715052545,0.002745657410513428,0.003917296603658884,1.5537467976680404,0.12024482551884959,0.6347984735502026,0.06308740688336947,0.8738251866547478,36.80483195073666,1.0,1.0756788003563438,-2.347429383481866,-0.0643978895419271,0.02743336604503425,224.65578187500068,,,,,,
models__cnn_transformer__s1,models,cnn_transformer,cnn_transformer,5,30,sharpe,1.0,5.0,1.0,rolling,1000,1000,125,30,125,0.001,0.25,8,4,16,1,mps,,,1483,2020-02-07,2025-12-31,0.3133756557807927,0.010427773780870474,0.03327563449333389,0.45788255495976576,0.14009394961646815,0.009923085975059198,0.05983023419631772,-0.07083165263186164,1148,0.5097774780849629,0.5915492957746479,0.27954285017107716,5.68549298253544,0.002992683435567417,0.004742436233381,0.8196252274811839,0.41242978758642723,0.7427481494146285,0.15027282924642515,0.6994543399479851,35.63198693867805,1.0,0.557120939562168,-2.5990725539961606,-0.08696722520831406,0.03346086859891582,204.11997562499892,,,,,,
models__cnn_transformer__s2,models,cnn_transformer,cnn_transformer,5,30,sharpe,1.0,5.0,1.0,rolling,1000,1000,125,30,125,0.001,0.25,8,4,16,2,mps,,,1483,2020-02-07,2025-12-31,0.5192854273891212,0.01731059863060866,0.03333542155735701,0.7613335814142895,0.23734078235096087,0.016895659087079462,0.10362364808097313,-0.07118734049715691,1047,0.5016857720836143,0.5492957746478874,0.09048273925494145,5.609107119370012,0.003072356512037537,0.004553546471630953,1.3503861162193038,0.1768921619439564,0.7571433410757694,0.14726777610110298,0.7054644477477393,34.480865406276735,1.0,0.9072634992888386,-2.445329979739463,-0.08182124411067637,0.0334602056935457,268.7215314580026,,,,,,
models__fourier_ffn__s0,models,fourier_ffn,fourier_ffn,5,30,sharpe,1.0,5.0,1.0,rolling,1000,1000,125,30,125,0.001,0.25,8,4,16,0,cpu,,,1483,2020-02-07,2025-12-31,-0.24709879949821356,-0.005609418540908616,0.02270111612156647,-0.34129821057693993,-0.09171720913466819,-0.005850004171359613,-0.03393861690305411,-0.06378305910693449,1258,0.5077545515846258,0.5070422535211268,-0.06199094279575164,14.070997650271345,0.002134299168090779,0.0034796044049396437,-0.6649117576643496,0.5061069350055645,0.18360292684739948,0.2769820279739139,0.44603595109528843,43.34350943013809,1.0,-1.212377044678538,-1.5698280197486807,-0.03579269790569561,0.02280039434601619,19.34118995800236,,,,,,
models__fourier_ffn__s1,models,fourier_ffn,fourier_ffn,5,30,sharpe,1.0,5.0,1.0,rolling,1000,1000,125,30,125,0.001,0.25,8,4,16,1,cpu,,,1483,2020-02-07,2025-12-31,0.49595679244126567,0.007765860808447028,0.015658341466039526,0.7115802926101351,0.23727588827532417,0.007672437112333119,0.04600626243894279,-0.03233551107152688,373,0.5266351989211059,0.6056338028169014,-0.03605372916907324,2.369692422914473,0.0015643707385250088,0.0022226696735310244,1.2083786656787419,0.2269016421822616,0.1389742986497571,0.08515207500348697,0.8296958499244154,45.16399795146113,1.0,2.217453750041411,-0.7629307837776262,-0.011963888370893077,0.01568148595558602,18.4032002909953,,,,,,
models__fourier_ffn__s2,models,fourier_ffn,fourier_ffn,5,30,sharpe,1.0,5.0,1.0,rolling,1000,1000,125,30,125,0.001,0.25,8,4,16,2,cpu,,,1483,2020-02-07,2025-12-31,-0.42261951220630234,-0.010670290766551049,0.025247984199419385,-0.578873822816438,-0.12276724927106603,-0.010929162626111988,-0.06262447522905179,-0.08902343818081937,1257,0.48954821308159135,0.4647887323943662,-0.13481530226935712,9.765532038852946,0.002309139775838337,0.0039540762098146005,-1.025108592097325,0.30531195183434134,0.2044788212344687,0.3697651469437516,0.26046970757385407,42.145249698892634,1.0,-2.0707486194004074,-1.8056934737629584,-0.04582029374083948,0.025375455140430173,19.041857583993988,,,,,,
models__ou_ffn__s0,models,ou_ffn,ou_ffn,5,30,sharpe,1.0,5.0,1.0,rolling,1000,1000,125,30,125,0.001,0.25,8,4,16,0,cpu,,,1483,2020-02-07,2025-12-31,-0.16436138220581553,-0.0042840728135838425,0.026064959761772196,-0.22453518035183512,-0.054384540898294025,-0.0046134157603187065,-0.0268454833643631,-0.08482954317746982,525,0.5124747134187457,0.5211267605633803,-0.723165884467173,18.5888867274939,0.002428347186185719,0.0040908048401724646,-0.39905655251849653,0.689851534883388,0.1270190483691529,0.29285690545385246,0.4142861910645065,42.446405668446644,1.0,-1.3384046850504994,-1.0601576894170912,-0.027742637932841402,0.02616840703017982,23.79309670800285,,,,,,
models__ou_ffn__s1,models,ou_ffn,ou_ffn,5,30,sharpe,1.0,5.0,1.0,rolling,1000,1000,125,30,125,0.001,0.25,8,4,16,1,cpu,,,1483,2020-02-07,2025-12-31,0.5331052707960863,0.015717157886408012,0.02948227816794528,0.7883578940691426,0.34030074108862435,0.01539967331723946,0.0941033104547846,-0.045253128946989074,354,0.5171948752528658,0.5774647887323944,0.3545843382218578,8.254208900070735,0.0025492102048163537,0.004371930021814205,1.359155932651387,0.17409718198868718,0.18964674817323235,0.2190904906915164,0.5618190201631306,37.44835890294454,1.0,3.2887289000832913,-0.46614148136569455,-0.013768262720187743,0.029536660586072894,23.824045207999006,,,,,,
models__ou_ffn__s2,models,ou_ffn,ou_ffn,5,30,sharpe,1.0,5.0,1.0,rolling,1000,1000,125,30,125,0.001,0.25,8,4,16,2,cpu,,,1483,2020-02-07,2025-12-31,0.852227448889025,0.029733459039357594,0.0348891121473716,1.3406223695565493,0.6127897691645136,0.029552607200659997,0.18695886969234543,-0.048226339093344284,322,0.523937963587323,0.676056338028169,1.2907532084352067,15.745961795794972,0.0031671208960312234,0.0048282646720115875,2.1584808957340935,0.03089046217187096,0.23305032221984812,0.4609525210193399,0.07809495828145174,34.317027129869516,1.0,5.06285147769681,-0.32411502622779254,-0.011312047365625001,0.03490133579204915,23.627620374994876,,,,,,
models__ou_threshold__s0,models,ou_threshold,ou_threshold,5,30,sharpe,1.0,5.0,1.0,rolling,1000,1000,125,30,125,0.001,0.25,8,4,16,0,cpu,,,1483,2020-02-07,2025-12-31,-0.2602088986919144,-0.022410570082469966,0.08612530238254432,-0.3587232473059516,-0.110308134539467,-0.025785773569791615,-0.1425033336041126,-0.23376130579531973,1292,0.4935940660822657,0.5070422535211268,-0.1881674538958208,6.567332688944429,0.007768524678732416,0.01280745699258398,-0.6472292398589734,0.5174835898399084,1.0572976421931817,0.4978855477968785,0.00422892631587352,8.821308159136885,1.0,-0.841114461166521,-1.9496139759596618,-0.16817192063250072,0.0862590865197923,0.05174750000151107,,,,,,
models__raw_ffn__s0,models,raw_ffn,raw_ffn,5,30,sharpe,1.0,5.0,1.0,rolling,1000,1000,125,30,125,0.001,0.25,8,4,16,0,cpu,,,1483,2020-02-07,2025-12-31,-0.3748023687399772,-0.005598400537237519,0.014936940116089458,-0.519832898307482,-0.09586673161006785,-0.005693754314278432,-0.03304473578206446,-0.05939239002574359,1337,0.49022252191503707,0.4788732394366197,-0.018492544522614587,6.364067485765645,0.0013943799811966496,0.002212854989884138,-0.8985064841695047,0.368915589877407,0.03782835482126828,0.4092562831549128,0.18148743041519436,47.360458781678446,1.0,-5.872810290781527,-1.3780708420066003,-0.020759780483641303,0.015064378296701438,12.322656208998524,,,,,,
models__raw_ffn__s1,models,raw_ffn,raw_ffn,5,30,sharpe,1.0,5.0,1.0,rolling,1000,1000,125,30,125,0.001,0.25,8,4,16,1,cpu,,,1483,2020-02-07,2025-12-31,0.2775471463704637,0.0034501479963654903,0.012430853790009105,0.39285896334553805,0.10080546030034741,0.0033785514649418147,0.020047296821903426,-0.03351556011822676,424,0.5225893459204316,0.5774647887323944,-0.15669760259362445,2.707219724425334,0.001207491002001564,0.0018040579188270888,0.6542141190697813,0.5129738664314529,0.023422847923205137,0.08456363971521874,0.830872718833902,48.4135487082317,1.0,5.845174558844753,-0.1374476329627812,-0.0017151074035131769,0.012478260749514712,13.663651458999084,,,,,,
models__raw_ffn__s2,models,raw_ffn,raw_ffn,5,30,sharpe,1.0,5.0,1.0,rolling,1000,1000,125,30,125,0.001,0.25,8,4,16,2,cpu,,,1483,2020-02-07,2025-12-31,-0.24095735215879463,-0.005812594493248704,0.02412291818934877,-0.3476190615783705,-0.08162457713301043,-0.006084796324484998,-0.035280536451690936,-0.07454612983255748,1074,0.4989885367498314,0.4647887323943662,0.8710122038983438,21.286372110551124,0.0020249143870779,0.0036181981559963356,-0.6129199778997971,0.5399292528521298,0.052898352008192595,0.4220648315717378,0.15587033541201195,44.053730411579366,1.0,-4.360410161759487,-0.9579430445088807,-0.023194289111916736,0.024212597236204177,12.664236708995304,,,,,,
models__reversal__s0,models,reversal,reversal,5,30,sharpe,1.0,5.0,1.0,rolling,1000,1000,125,30,125,0.001,0.25,8,4,16,0,cpu,,,1483,2020-02-07,2025-12-31,0.0377621233305202,0.0024481223376326836,0.06483010280446957,0.0541589020895822,0.0026409944335639302,0.00034790071322543525,0.0020491085877736293,-0.13173095285776704,896,0.5037086985839514,0.5070422535211268,0.22101115468646426,2.9306388278792914,0.006621980750413254,0.00912725008229812,0.0938061915384538,0.9252631132396801,0.2446263583778428,0.5061633634730098,-0.012326727350357478,27.844292284114328,1.0,0.39712691819075857,-0.6354972410899541,-0.0411942943303947,0.0648221450336142,0.008677040998009034,,,,,,
neutral__cnn_transformer_neutral__s0,neutral,cnn_transformer_neutral,cnn_transformer,5,30,sharpe,1.0,5.0,1.0,rolling,1000,1000,125,30,125,0.001,0.25,8,4,16,0,mps,True,,1483,2020-02-07,2025-12-31,0.30231548972493394,0.0135601628763233,0.04485434368136812,0.41816536114902497,0.11422642693943343,0.012632378196548055,0.07667211771355853,-0.1105906797141274,1083,0.5273095077545515,0.5492957746478874,-0.3547816416655131,2.8170378213382143,0.004739398114145894,0.006586345567612031,0.7488998478002016,0.4539175720698958,1.109927462515371,0.4999999974310709,6.114350275806684e-09,29.199795988034836,1.0,0.484807989363493,-3.0986477827741252,-0.13888135757376244,0.044819988365836845,449.9658592499982,,,,,,
neutral__cnn_transformer_neutral__s1,neutral,cnn_transformer_neutral,cnn_transformer,5,30,sharpe,1.0,5.0,1.0,rolling,1000,1000,125,30,125,0.001,0.25,8,4,16,1,mps,True,,1483,2020-02-07,2025-12-31,0.3873097099880204,0.017485307448792748,0.045145543728644384,0.5663798252950599,0.19663002908967628,0.016602461228564014,0.10175236205816862,-0.08443502401656156,1173,0.5037086985839514,0.5352112676056338,0.20212322441533942,3.142967128490664,0.004346142281170973,0.006311625061324405,1.024537118511545,0.30558164798806275,1.0993910783334144,0.49999999735844974,5.301665967705534e-09,29.19147044887829,1.0,0.6311324699395972,-2.9545754662786607,-0.13362952379563586,0.045227994790041554,418.51845033399877,,,,,,
neutral__cnn_transformer_neutral__s2,neutral,cnn_transformer_neutral,cnn_transformer,5,30,sharpe,1.0,5.0,1.0,rolling,1000,1000,125,30,125,0.001,0.25,8,4,16,2,mps,True,,1483,2020-02-07,2025-12-31,0.6062807158957462,0.027764509992040044,0.045794809671654356,0.865137580910547,0.34165184695488166,0.027074197698289115,0.1702422771405947,-0.07924499147187258,1015,0.519217801753203,0.5352112676056338,-0.21056756866000376,3.8583340647488837,0.00436897862161669,0.006656359312984381,1.5495557308550862,0.12124818531579767,1.096037612796509,0.5000000012445515,-2.338041111581231e-09,28.374852910140245,1.0,1.0052266972063788,-2.6839915682365136,-0.12292806961695886,0.04580046788214293,388.3133061249973,,,,,,
neutral__cnn_transformer_neutral_costs__s0,neutral,cnn_transformer_neutral_costs,cnn_transformer,5,30,sharpe_costs,1.0,5.0,1.0,rolling,1000,1000,125,30,125,0.001,0.25,8,4,16,0,mps,True,,1483,2020-02-07,2025-12-31,-0.035413691121306455,-0.0014902503343319302,0.04208119196689241,-0.0495646241269671,-0.0392742404460597,-0.002372907155388071,-0.013883684814035568,-0.06041891907870467,980,0.5158462575859744,0.5211267605633803,-0.022340612777416044,1.33946890516075,0.004442050536748933,0.005990728080130312,-0.0938751230078311,0.9252083555162317,0.24101879329140252,0.4999999990713116,1.0009996314272416e-09,42.770089090736406,1.0,-0.24536226914697756,-1.057348390508389,-0.04452310352058303,0.04210826244240619,343.24474808300147,,,,,,
neutral__cnn_transformer_neutral_costs__s1,neutral,cnn_transformer_neutral_costs,cnn_transformer,5,30,sharpe_costs,1.0,5.0,1.0,rolling,1000,1000,125,30,125,0.001,0.25,8,4,16,1,mps,True,,1483,2020-02-07,2025-12-31,0.06921809890693892,0.0030876904194234627,0.04460813671832774,0.0979519850702195,0.02006706031889822,0.0020949221569559473,0.012391703796648335,-0.10439606617333219,729,0.49291975724882,0.5211267605633803,-0.0014342082225162129,1.9590034053382217,0.004619250953765412,0.006321681677863016,0.18119692390906703,0.8562130090040455,0.2600711587572437,0.49999999933958206,5.9183220278533e-10,39.7394575029109,1.0,0.47113027904235627,-0.9486580008067153,-0.04234414208515338,0.044635835094570406,282.3816638339995,,,,,,
neutral__cnn_transformer_neutral_costs__s2,neutral,cnn_transformer_neutral_costs,cnn_transformer,5,30,sharpe_costs,1.0,5.0,1.0,rolling,1000,1000,125,30,125,0.001,0.25,8,4,16,2,mps,True,,1483,2020-02-07,2025-12-31,-0.1591349946594404,-0.006884438014150155,0.043261622177342675,-0.22023108241637812,-0.08783896520722569,-0.007790004444963139,-0.04498005265011551,-0.08868506620706784,1293,0.5084288604180714,0.4507042253521127,-0.07050119953846762,2.2287584578287216,0.00446049983649174,0.006339704704718524,-0.4046734474854682,0.6857175623373616,0.2680194278028406,0.5000000006648068,8.356055399575755e-11,42.11402925377522,1.0,-1.0192991863614551,-1.232073478332709,-0.053317077141639885,0.043274267386869396,271.41952370799845,,,,,,
neutral__fourier_ffn_neutral__s0,neutral,fourier_ffn_neutral,fourier_ffn,5,30,sharpe,1.0,5.0,1.0,rolling,1000,1000,125,30,125,0.001,0.25,8,4,16,0,cpu,True,,1483,2020-02-07,2025-12-31,-0.01594254620233268,-0.0006845408800961354,0.042937989415766896,-0.022526851789288684,-0.015448362792748296,-0.0016050667010280018,-0.00940873697808231,-0.10389882232578362,1257,0.46999325691166555,0.4647887323943662,0.025567710542097465,1.8676061870534744,0.0044096474689091,0.006055805271734246,-0.040826788250368125,0.9674339832231305,0.6321872099117432,0.5000000425407107,-7.909189658940978e-08,31.835778285215948,0.9271746459878625,-0.04296879185918332,-2.1403985220605737,-0.09205378130848269,0.04300777652372046,18.673403583001345,,,,,,
neutral__fourier_ffn_neutral__s1,neutral,fourier_ffn_neutral,fourier_ffn,5,30,sharpe,1.0,5.0,1.0,rolling,1000,1000,125,30,125,0.001,0.25,8,4,16,1,cpu,True,,1483,2020-02-07,2025-12-31,0.043394250326243326,0.0019419844895679382,0.04475211519885375,0.062212762046172494,0.007802080487610987,0.0009416365444867569,0.005554216733043127,-0.12069044224575642,811,0.5118004045853001,0.49295774647887325,0.322185833761037,4.302137568371956,0.0046180876394793235,0.00620021965648607,0.10520933535131548,0.9162097032971475,0.6730783739392591,0.5000000196656346,-3.9641020005155146e-08,31.57409189148407,1.0,0.11449316982083084,-2.132039904544593,-0.09549366733597574,0.04478981239160876,17.967052208005043,,,,,,
neutral__fourier_ffn_neutral__s2,neutral,fourier_ffn_neutral,fourier_ffn,5,30,sharpe,1.0,5.0,1.0,rolling,1000,1000,125,30,125,0.001,0.25,8,4,16,2,cpu,True,,1483,2020-02-07,2025-12-31,0.3116026712341648,0.015886799201876974,0.05098415600531961,0.45160338908652314,0.1991192679354239,0.014693859221888816,0.08963529205920384,-0.07379426096852748,557,0.5050573162508429,0.5211267605633803,0.08870456035958191,6.914425299782785,0.0047471981254420875,0.0071840765707301465,0.8830084979116818,0.37723168013070074,0.6501020833437465,0.540455338486012,-0.08091067783991378,31.33521036324448,1.0,0.9697377625902466,-1.5600997449297485,-0.07967526617680534,0.05107062316736238,17.486787125002593,,,,,,
neutral__ou_ffn_neutral__s0,neutral,ou_ffn_neutral,ou_ffn,5,30,sharpe,1.0,5.0,1.0,rolling,1000,1000,125,30,125,0.001,0.25,8,4,16,0,cpu,True,,1483,2020-02-07,2025-12-31,0.13131563251983042,0.006805815900833799,0.051827918506245095,0.18954963890898083,0.05753725856484857,0.005478021485499696,0.03267212952682419,-0.09520824631096347,711,0.5064059339177344,0.4788732394366197,0.1440038108004078,8.054245526816292,0.004908951390893979,0.00706025662007486,0.31018197793433716,0.7564225746468003,0.4378286800427709,0.49999998149862823,3.6970191071849316e-08,30.255130209140862,1.0,0.6168441490185471,-1.1787436759883632,-0.06100836102993712,0.051757105698813026,31.374800416000653,,,,,,
neutral__ou_ffn_neutral__s1,neutral,ou_ffn_neutral,ou_ffn,5,30,sharpe,1.0,5.0,1.0,rolling,1000,1000,125,30,125,0.001,0.25,8,4,16,1,cpu,True,,1483,2020-02-07,2025-12-31,0.14121229853921827,0.00766417531556582,0.054274134723735004,0.1993535409883648,0.06384323055577133,0.00620984248798484,0.037103187607271604,-0.0972670467005915,1452,0.5084288604180714,0.5633802816901409,-0.17899831747039976,4.702671030377552,0.005195304853322437,0.007779897390900274,0.34424740855264124,0.7306602316901532,0.4762699919786134,0.4999999580619658,8.248865760796927e-08,27.618099589534584,1.0,0.6385746450881554,-1.195249945039282,-0.06499034024128551,0.05437384917775471,23.897982125003182,,,,,,
neutral__ou_ffn_neutral__s2,neutral,ou_ffn_neutral,ou_ffn,5,30,sharpe,1.0,5.0,1.0,rolling,1000,1000,125,30,125,0.001,0.25,8,4,16,2,cpu,True,,1483,2020-02-07,2025-12-31,0.028919310791277953,0.0016403700849382996,0.05672230907498094,0.04379829375280144,0.00024545823551101016,3.7448047500054926e-05,0.00022039894547520866,-0.15256382586672335,1385,0.48887390424814564,0.5070422535211268,1.5673495673847377,19.920241319718656,0.00518526984464851,0.007558439080983848,0.0703150479863665,0.9439429055912669,0.48769374064779936,0.49999999458338096,1.0558783972280467e-08,24.569684199749936,1.0,0.1334732139542148,-1.2762106954067143,-0.07245256812996295,0.05677163527208423,23.41637187499873,,,,,,
neutral__raw_ffn_neutral__s0,neutral,raw_ffn_neutral,raw_ffn,5,30,sharpe,1.0,5.0,1.0,rolling,1000,1000,125,30,125,0.001,0.25,8,4,16,0,cpu,True,,1483,2020-02-07,2025-12-31,-0.05128071286384398,-0.002971251656468849,0.05794091951018415,-0.07299747880591015,-0.03430841257621152,-0.004638508835876909,-0.02698984699092266,-0.13520033389982955,1074,0.466621712744437,0.49295774647887325,0.16829742064971248,6.279646141113174,0.0055668567497013976,0.008567762966063095,-0.12891997365910934,0.8974209718630363,0.2694887932389931,0.46104008381401473,0.07282325462918729,29.917436189365784,0.9345920431557654,-0.4375202781069732,-0.825496528450952,-0.047847192690547796,0.05796171278919037,11.563119416001427,,,,,,
neutral__raw_ffn_neutral__s1,neutral,raw_ffn_neutral,raw_ffn,5,30,sharpe,1.0,5.0,1.0,rolling,1000,1000,125,30,125,0.001,0.25,8,4,16,1,cpu,True,,1483,2020-02-07,2025-12-31,-0.2846018507612977,-0.018016939387395195,0.06330577028645688,-0.4053317274619144,-0.11523065635579635,-0.019821218415586705,-0.11114204768773417,-0.17201341242373003,1016,0.480782198246797,0.4225352112676056,0.2896194910257181,6.810181891078667,0.005886801130051463,0.009017269408672814,-0.7113979622402689,0.47683766140374695,0.33463646743346753,0.49999977536270973,4.484863399520642e-07,27.421579687099346,1.0,-2.136521215639386,-1.150904374825293,-0.07283765984701351,0.06328732555045702,20.547678292001365,,,,,,
neutral__raw_ffn_neutral__s2,neutral,raw_ffn_neutral,raw_ffn,5,30,sharpe,1.0,5.0,1.0,rolling,1000,1000,125,30,125,0.001,0.25,8,4,16,2,cpu,True,,1483,2020-02-07,2025-12-31,0.027146950878219393,0.0016560959901335182,0.061004861929530405,0.03914644191011904,-0.0013507939468294524,-0.00020397756164425296,-0.0011997938758302462,-0.15100568234187284,1074,0.41672285906945383,0.4507042253521127,0.17568186281353704,8.204701147615799,0.005680212978563099,0.00886635715846679,0.06544080218788441,0.9478230382370535,0.29344357573428814,0.44971553578403944,0.08429344259470091,27.258599011268313,0.8381658799730276,0.22395479158853906,-0.7336214571642629,-0.04479165541964399,0.06105554163148589,41.94673399999738,,,,,,
neutral__reversal_neutral__s0,neutral,reversal_neutral,reversal,5,30,sharpe,1.0,5.0,1.0,rolling,1000,1000,125,30,125,0.001,0.25,8,4,16,0,cpu,True,,1483,2020-02-07,2025-12-31,0.04835915161418598,0.00312133096640862,0.06454478340130741,0.06946634453882823,0.007992157281828177,0.0010401266686665966,0.006136634221545867,-0.13014341835233145,896,0.5037086985839514,0.5211267605633803,0.2374484094500374,2.9644418466831075,0.006614795932141788,0.009075025375671335,0.11995725741778661,0.9045170070276868,0.24468439167805384,0.4999999990093518,5.138655030822104e-10,27.955452606867755,1.0,0.5062126729351141,-0.6255752662037202,-0.0403730761761604,0.0645375198753667,0.020163250002951827,,,,,,
objective__mean_variance__s0,objective,mean_variance,cnn_transformer,5,30,mean_variance,1.0,5.0,1.0,rolling,1000,1000,125,30,125,0.001,0.25,8,4,16,0,mps,,,1483,2020-02-07,2025-12-31,0.16764346592492035,0.00824897352709925,0.049205458033142656,0.22979283915655202,0.06243563497851077,0.0070621235292183115,0.04228349316480551,-0.11311046218475984,1115,0.5232636547538773,0.5070422535211268,-0.39766483722252155,2.495736491372889,0.005036138921146196,0.0074255204170956355,0.41936994908228686,0.6749457827339969,1.1542542991182578,0.3978488943995434,0.20430221178467617,24.351895498717358,1.0,0.2835945420167744,-2.9917811832207546,-0.1471997544092591,0.04920137717117183,424.8345409579997,,,,,,
objective__mean_variance__s1,objective,mean_variance,cnn_transformer,5,30,mean_variance,1.0,5.0,1.0,rolling,1000,1000,125,30,125,0.001,0.25,8,4,16,1,mps,,,1483,2020-02-07,2025-12-31,0.21031062680162207,0.010019927293109944,0.047643466454794774,0.30065839957471024,0.09306866133699435,0.008924606849395555,0.053678763572238664,-0.09589271749681938,1114,0.5077545515846258,0.5633802816901409,0.07955484926436675,3.0817523832262204,0.004644162424006359,0.006933474143911263,0.571963021644824,0.5673470268110314,1.1254121298887272,0.3917227197426959,0.21655455945620466,25.815694093490713,1.0,0.3533071590976288,-2.967203384886754,-0.14164275823700873,0.04773611372865655,404.3939803329995,,,,,,
objective__mean_variance__s2,objective,mean_variance,cnn_transformer,5,30,mean_variance,1.0,5.0,1.0,rolling,1000,1000,125,30,125,0.001,0.25,8,4,16,2,mps,,,1483,2020-02-07,2025-12-31,0.3460234607025163,0.017874508709604227,0.05165692717284081,0.48689507396684606,0.16491438827738697,0.016676615615561108,0.10222539095015759,-0.10112286617169475,1088,0.5144976399190829,0.5211267605633803,-0.24407026500278176,4.314541931900253,0.005057506192812595,0.007610245102243838,0.8767551261984291,0.3806196574089995,1.145010734389446,0.4090967804909536,0.18180644045232638,23.740388647821685,1.0,0.6194753288081566,-2.641929948419232,-0.13669376215630086,0.05174011606102198,344.8285772090021,,,,,,
objective__sharpe__s0,objective,sharpe,cnn_transformer,5,30,sharpe,1.0,5.0,1.0,rolling,1000,1000,125,30,125,0.001,0.25,8,4,16,0,mps,,,1483,2020-02-07,2025-12-31,0.6271750035771678,0.01720754936451231,0.02743659946006615,0.9072634748943079,0.3170085619194019,0.016973056807394693,0.10411806590568795,-0.053541319845203494,381,0.5313553607552259,0.6197183098591549,-0.005842016883006234,3.0012499715052545,0.002745657410513428,0.003917296603658884,1.5537467976680404,0.12024482551884959,0.6347984735502026,0.06308740688336947,0.8738251866547478,36.80483195073666,1.0,1.0756788003563438,-2.347429383481866,-0.0643978895419271,0.02743336604503425,282.0273000840025,,,,,,
objective__sharpe__s1,objective,sharpe,cnn_transformer,5,30,sharpe,1.0,5.0,1.0,rolling,1000,1000,125,30,125,0.001,0.25,8,4,16,1,mps,,,1483,2020-02-07,2025-12-31,0.3133756557807927,0.010427773780870474,0.03327563449333389,0.45788255495976576,0.14009394961646815,0.009923085975059198,0.05983023419631772,-0.07083165263186164,1148,0.5097774780849629,0.5915492957746479,0.27954285017107716,5.68549298253544,0.002992683435567417,0.004742436233381,0.8196252274811839,0.41242978758642723,0.7427481494146285,0.15027282924642515,0.6994543399479851,35.63198693867805,1.0,0.557120939562168,-2.5990725539961606,-0.08696722520831406,0.03346086859891582,272.77051833300357,,,,,,
objective__sharpe__s2,objective,sharpe,cnn_transformer,5,30,sharpe,1.0,5.0,1.0,rolling,1000,1000,125,30,125,0.001,0.25,8,4,16,2,mps,,,1483,2020-02-07,2025-12-31,0.5192854273891212,0.01731059863060866,0.03333542155735701,0.7613335814142895,0.23734078235096087,0.016895659087079462,0.10362364808097313,-0.07118734049715691,1047,0.5016857720836143,0.5492957746478874,0.09048273925494145,5.609107119370012,0.003072356512037537,0.004553546471630953,1.3503861162193038,0.1768921619439564,0.7571433410757694,0.14726777610110298,0.7054644477477393,34.480865406276735,1.0,0.9072634992888386,-2.445329979739463,-0.08182124411067637,0.0334602056935457,384.26191216599545,,,,,,
objective__sharpe_costs__s0,objective,sharpe_costs,cnn_transformer,5,30,sharpe_costs,1.0,5.0,1.0,rolling,1000,1000,125,30,125,0.001,0.25,8,4,16,0,mps,,,1483,2020-02-07,2025-12-31,0.35776991135828556,0.009081218155068559,0.02538284485856121,0.4969074744793979,0.17442420179161333,0.008797264233391777,0.05289636147075627,-0.05043602976553663,677,0.5279838165879973,0.5774647887323944,-0.3980005959292808,4.431112228413726,0.0024350021966639966,0.003959435078053062,0.8831962654890727,0.3771302389990725,0.11997402396783322,0.030557047450895613,0.9388859048945253,41.128800104362114,1.0,3.003698533116862,-0.270915712558983,-0.006880316028718982,0.025396518953181867,347.7058647090016,,,,,,
objective__sharpe_costs__s1,objective,sharpe_costs,cnn_transformer,5,30,sharpe_costs,1.0,5.0,1.0,rolling,1000,1000,125,30,125,0.001,0.25,8,4,16,1,mps,,,1483,2020-02-07,2025-12-31,0.1565012862421936,0.004421997984004079,0.02825534594751391,0.2206368682301905,0.0628950779774446,0.004030874060629408,0.023956139405447274,-0.06408886339364994,547,0.5144976399190829,0.5352112676056338,-0.029879320114240594,4.805943771110649,0.002639916416852796,0.004187003426752865,0.4315669244627901,0.6660562020888443,0.14610472531263244,0.016323790062343985,0.9673524219952065,36.99203055546893,1.0,1.201029673070953,-0.5119658020462856,-0.014471106339613465,0.028265767521529043,282.8126392080012,,,,,,
objective__sharpe_costs__s2,objective,sharpe_costs,cnn_transformer,5,30,sharpe_costs,1.0,5.0,1.0,rolling,1000,1000,125,30,125,0.001,0.25,8,4,16,2,mps,,,1483,2020-02-07,2025-12-31,0.14726316317015645,0.004161831709265561,0.028261186434361305,0.20779462016891256,0.06895719718438274,0.0037695935564827643,0.022389006362687258,-0.05466570148440564,666,0.519217801753203,0.4647887323943662,0.103662591970503,6.2863671023601135,0.0028310695510491944,0.004197249945495062,0.36454419016165673,0.7154516815476502,0.14852433589416777,0.001829246866864567,0.9963415061056309,36.54050908146277,1.0,1.1119528053144303,-0.5189531097124291,-0.014670675479394006,0.028269751553321582,274.52114175000315,,,,,,
protocol__constant_w1000__s0,protocol,constant_w1000,cnn_transformer,5,30,sharpe,1.0,5.0,1.0,constant,1000,1000,125,30,125,0.001,0.25,8,4,16,0,mps,False,1.0,1483,2020-02-07,2025-12-31,0.11717996395347906,0.0034752594135024307,0.029657454194832518,0.16697877629700625,0.03318665483447403,0.0030400479574790307,0.018023805105858104,-0.09160453117802803,536,0.49629130141604855,0.5915492957746479,-0.04574280008898634,2.0908973576242387,0.002838793261055607,0.004200795876236907,0.2970472559330535,0.7664304314218313,0.6969184064520738,0.08189116104319108,0.8362176782866824,34.368206604699594,1.0,0.19788129902537374,-2.911897759209566,-0.08642586775294465,0.02968025490579207,12.502226083001005,,,,,,
protocol__constant_w1000__s1,protocol,constant_w1000,cnn_transformer,5,30,sharpe,1.0,5.0,1.0,constant,1000,1000,125,30,125,0.001,0.25,8,4,16,1,mps,False,1.0,1483,2020-02-07,2025-12-31,0.35955126783042934,0.010086767769784755,0.0280537677718379,0.5387906434744073,0.14677648409833005,0.009740581433178797,0.05870363196907369,-0.06636336531029918,459,0.5077545515846258,0.5633802816901409,0.7875855656857016,9.141841330129795,0.002641411310805532,0.003724785871169647,0.8806158851271814,0.3785257577882505,0.6383873836100963,0.07334829591229472,0.853303406258763,38.62275242797968,1.0,0.6269994874107903,-2.5770292723342765,-0.07222914328267578,0.02802806474031649,12.183446875002119,,,,,,
protocol__constant_w1000__s2,protocol,constant_w1000,cnn_transformer,5,30,sharpe,1.0,5.0,1.0,constant,1000,1000,125,30,125,0.001,0.25,8,4,16,2,mps,False,1.0,1483,2020-02-07,2025-12-31,0.1891138378777077,0.005620393068880643,0.02971962883284683,0.2691461286240147,0.0792308822232952,0.005192118774612009,0.03094530922491967,-0.06553150272868524,741,0.5010114632501685,0.4507042253521127,-0.05822225134512206,1.7427072252441338,0.002906226796305931,0.00422093751784875,0.49742893609418576,0.6188866045035472,0.6488994168221696,0.10214446839935822,0.7957110626497612,38.2720565182861,1.0,0.34370730687287504,-2.647327150163854,-0.0787448045814875,0.0297450220977085,12.288919541999348,,,,,,
protocol__fixed_602020__s0,protocol,fixed_602020,cnn_transformer,5,30,sharpe,1.0,5.0,1.0,fixed,1000,1000,125,30,125,0.001,0.25,8,4,16,0,mps,False,1.0,498,2024-01-08,2025-12-31,-1.002632803917757,-0.028502588424236527,0.028427743749120847,-1.3005098682223457,-0.3997030407364219,-0.028494670669101052,-0.05552754005780325,-0.0712896019419863,370,0.4939759036144578,0.4166666666666667,-0.3362035555750549,1.003221833954819,0.0033646750779159533,0.004367125119006982,-1.4097397614561038,0.15861653946442777,0.56771101049232,0.057559228750728816,0.8848815419156786,38.22589619913378,1.0,-1.9923078384881232,-3.56664977384051,-0.10159404264032056,0.02848444593171417,20.586996582998836,,,,,,
protocol__fixed_602020__s1,protocol,fixed_602020,cnn_transformer,5,30,sharpe,1.0,5.0,1.0,fixed,1000,1000,125,30,125,0.001,0.25,8,4,16,1,mps,False,1.0,498,2024-01-08,2025-12-31,0.1622454857656047,0.0032520144985731876,0.020043790329373833,0.2327433278541132,0.0798899071302246,0.003055796597836391,0.006047842959017613,-0.03825009575809479,343,0.5,0.5833333333333334,0.09458277104285161,1.635960977082779,0.002007263743812824,0.0027199568822601715,0.2146345388726502,0.8300522633179888,0.24728814890121478,0.003928005045054306,0.9921439842209143,44.658484856829574,1.0,0.5218535338682013,-1.4083813424639902,-0.02819572317469777,0.02001994937349057,19.985316749996855,,,,,,
protocol__fixed_602020__s2,protocol,fixed_602020,cnn_transformer,5,30,sharpe,1.0,5.0,1.0,fixed,1000,1000,125,30,125,0.001,0.25,8,4,16,2,mps,False,1.0,498,2024-01-08,2025-12-31,-0.7506263441222282,-0.018812094488469502,0.02506186285064122,-1.0113474280046808,-0.33262323761948503,-0.018945165726969693,-0.03709300127831272,-0.05695683158686171,313,0.4939759036144578,0.375,-0.09394844603854736,1.1998362583856679,0.0027000134180510775,0.003599602066064063,-1.090208605030637,0.2756212636751275,0.4435263821968869,0.03287691401264709,0.9342461717928318,41.26480937240722,1.0,-1.68312803029379,-3.0175551060778503,-0.07566571141491718,0.025075171373843033,20.113066791003803,,,,,,
protocol__rolling_w1000__s0,protocol,rolling_w1000,cnn_transformer,5,30,sharpe,1.0,5.0,1.0,rolling,1000,1000,125,30,125,0.001,0.25,8,4,16,0,mps,False,1.0,1483,2020-02-07,2025-12-31,0.6271750035771678,0.01720754936451231,0.02743659946006615,0.9072634748943079,0.3170085619194019,0.016973056807394693,0.10411806590568795,-0.053541319845203494,381,0.5313553607552259,0.6197183098591549,-0.005842016883006234,3.0012499715052545,0.002745657410513428,0.003917296603658884,1.5537467976680404,0.12024482551884959,0.6347984735502026,0.06308740688336947,0.8738251866547478,36.80483195073666,1.0,1.0756788003563438,-2.347429383481866,-0.0643978895419271,0.02743336604503425,144.72795395799767,,,,,,
protocol__rolling_w1000__s1,protocol,rolling_w1000,cnn_transformer,5,30,sharpe,1.0,5.0,1.0,rolling,1000,1000,125,30,125,0.001,0.25,8,4,16,1,mps,False,1.0,1483,2020-02-07,2025-12-31,0.3133756557807927,0.010427773780870474,0.03327563449333389,0.45788255495976576,0.14009394961646815,0.009923085975059198,0.05983023419631772,-0.07083165263186164,1148,0.5097774780849629,0.5915492957746479,0.27954285017107716,5.68549298253544,0.002992683435567417,0.004742436233381,0.8196252274811839,0.41242978758642723,0.7427481494146285,0.15027282924642515,0.6994543399479851,35.63198693867805,1.0,0.557120939562168,-2.5990725539961606,-0.08696722520831406,0.03346086859891582,261.07605187500303,,,,,,
protocol__rolling_w1000__s2,protocol,rolling_w1000,cnn_transformer,5,30,sharpe,1.0,5.0,1.0,rolling,1000,1000,125,30,125,0.001,0.25,8,4,16,2,mps,False,1.0,1483,2020-02-07,2025-12-31,0.5192854273891212,0.01731059863060866,0.03333542155735701,0.7613335814142895,0.23734078235096087,0.016895659087079462,0.10362364808097313,-0.07118734049715691,1047,0.5016857720836143,0.5492957746478874,0.09048273925494145,5.609107119370012,0.003072356512037537,0.004553546471630953,1.3503861162193038,0.1768921619439564,0.7571433410757694,0.14726777610110298,0.7054644477477393,34.480865406276735,1.0,0.9072634992888386,-2.445329979739463,-0.08182124411067637,0.0334602056935457,144.35401570899558,,,,,,
protocol__rolling_w500__s0,protocol,rolling_w500,cnn_transformer,5,30,sharpe,1.0,5.0,1.0,rolling,500,1000,125,30,125,0.001,0.25,8,4,16,0,mps,False,1.0,1483,2020-02-07,2025-12-31,0.034745200908953916,0.0010750732741647802,0.03094163355054112,0.04787094104325655,0.008629007761208906,0.0005963675657023604,0.0035146918055812826,-0.06911195147874227,818,0.5232636547538773,0.5633802816901409,-0.3010537764670581,3.429088864870704,0.0031271593961793263,0.004824689250909592,0.08959949426661676,0.9286054863084254,0.6508088832246078,0.16336611349606525,0.6732677729135181,37.247709522550345,1.0,0.06555171412581706,-2.7329700206971728,-0.08507334036883323,0.031128530399002062,73.09674083299615,,,,,,
protocol__rolling_w500__s1,protocol,rolling_w500,cnn_transformer,5,30,sharpe,1.0,5.0,1.0,rolling,500,1000,125,30,125,0.001,0.25,8,4,16,1,mps,False,1.0,1483,2020-02-07,2025-12-31,-0.18664059787572657,-0.0057185307040888865,0.030639264817917768,-0.25856195239380114,-0.07506460509227833,-0.006168889763566665,-0.03576078347677292,-0.08218107263713881,852,0.5138233310856373,0.5070422535211268,0.014876915735650817,3.6494469037135726,0.00320643423352373,0.004582586666952324,-0.4771377629904878,0.6332640256926718,0.6645414685309067,0.21376477842771527,0.5724704431248634,36.41233425010372,1.0,-0.3414772927451628,-3.0707692870279173,-0.09486612969563185,0.03089327814251042,72.44252595800208,,,,,,
protocol__rolling_w500__s2,protocol,rolling_w500,cnn_transformer,5,30,sharpe,1.0,5.0,1.0,rolling,500,1000,125,30,125,0.001,0.25,8,4,16,2,mps,False,1.0,1483,2020-02-07,2025-12-31,0.5558454744420517,0.01936389392483516,0.03483682932612218,0.8167487847999552,0.3410611044703434,0.018933698493433182,0.11670413856415118,-0.055514094821327076,256,0.5151719487525287,0.5915492957746479,0.2957566523161842,8.217786430875933,0.003016237092044142,0.004955406046159588,1.364824977909303,0.17230806622529038,0.6644963519831303,0.13789528150539637,0.7242094357024212,35.96710779278074,1.0,1.1563772875313965,-1.941103208817484,-0.06786611288891561,0.034962650404488024,72.25434949999908,,,,,,
protocol__rolling_w750__s0,protocol,rolling_w750,cnn_transformer,5,30,sharpe,1.0,5.0,1.0,rolling,750,1000,125,30,125,0.001,0.25,8,4,16,0,mps,False,1.0,1483,2020-02-07,2025-12-31,0.18587521580956456,0.005946708977634358,0.031993017206376574,0.26613757707750124,0.078896791822271,0.0054498641670630565,0.032501955971699026,-0.0690758653322665,719,0.5118004045853001,0.5211267605633803,0.27531603666683024,4.853388201906414,0.003321086872840012,0.004718605787970425,0.4764572556975998,0.6337486525550827,0.6915595109807772,0.12299495193757345,0.7540100964646003,35.71384966552783,1.0,0.3412295127729793,-2.6342786280129165,-0.08431546819938007,0.03200704257430079,108.13851904200419,,,,,,
protocol__rolling_w750__s1,protocol,rolling_w750,cnn_transformer,5,30,sharpe,1.0,5.0,1.0,rolling,750,1000,125,30,125,0.001,0.25,8,4,16,1,mps,False,1.0,1483,2020-02-07,2025-12-31,0.4139637876546091,0.013958393563149846,0.033718875852000944,0.6074458692242033,0.18976508399535777,0.013479807715474523,0.08198540874025828,-0.07103418306290887,475,0.5050573162508429,0.5352112676056338,0.23083896424390613,5.539917547816227,0.0031818327148441295,0.004632634115919941,1.03338254366144,0.3014249123449536,0.7349042981432529,0.12593060364460007,0.7481387937721399,34.46342594576129,1.0,0.7537097114190904,-2.419501778692784,-0.08183552252311269,0.03382329504520019,108.04387583299831,,,,,,
protocol__rolling_w750__s2,protocol,rolling_w750,cnn_transformer,5,30,sharpe,1.0,5.0,1.0,rolling,750,1000,125,30,125,0.001,0.25,8,4,16,2,mps,False,1.0,1483,2020-02-07,2025-12-31,0.6617914264653216,0.022848320884094202,0.03452495751739913,0.9635892606615096,0.5011271130330437,0.022500652490814455,0.13990716287974303,-0.04490009002831741,362,0.5084288604180714,0.5774647887323944,-0.17185386936566582,5.141662670550689,0.003057059038207035,0.0048521122732556425,1.7358994311732077,0.0825816184045865,0.7285138823225432,0.1285227658116313,0.7429544690345717,34.584386530341895,1.0,1.2445602234399755,-2.0895603124493314,-0.07220626823710441,0.03455572342511904,107.98180112500268,,,,,,
